instance                   , termination_reason                      , iteration_count, solve_time_sec         , cumulative_kkt_matrix_passes, preprocessing_time_sec, cumulative_rejected_steps
ger50-17-trans-pop-3t      , TERMINATION_REASON_OPTIMAL              ,           90360,   24.136892072000002   ,                        90591,  0.005579899          , 231
bab3                       , TERMINATION_REASON_KKT_MATRIX_PASS_LIMIT,           99572,  799.7869143100002     ,                       100000,  0.10424955200000001  , 428
opm2-z10-s4                , TERMINATION_REASON_OPTIMAL              ,            9800,   14.202967556         ,                         9846,  0.019237178          , 46
gmut-75-50                 , TERMINATION_REASON_KKT_MATRIX_PASS_LIMIT,           98569,  114.699185763         ,                       100000,  0.018543369          , 1431
iis-hc-cov                 , TERMINATION_REASON_OPTIMAL              ,            4840,    0.803139263         ,                         4883,  0.0036597440000000004, 43
uccase7                    , TERMINATION_REASON_OPTIMAL              ,           63320,   40.829180966         ,                        63352,  0.012733736          , 32
supportcase10              , TERMINATION_REASON_OPTIMAL              ,           21120,   36.540413366         ,                        21345,  0.024130905          , 225
neos-3402294-bobin         , TERMINATION_REASON_OPTIMAL              ,             360,    2.9604502850000003  ,                          363,  0.087689212          , 3
graphdraw-grafo2           , TERMINATION_REASON_OPTIMAL              ,             640,    1.379189091         ,                          649,  0.026893452          , 9
buildingenergy             , TERMINATION_REASON_KKT_MATRIX_PASS_LIMIT,           98580,  354.352607492         ,                       100000,  0.046319283          , 1420
wnq-n100-mw99-14           , TERMINATION_REASON_OPTIMAL              ,            4080,   31.337383916         ,                         4162,  0.093100848          , 82
neos-5114902-kasavu        , TERMINATION_REASON_OPTIMAL              ,             720,   14.242443658000001   ,                          742,  0.208962837          , 22
neos-876808                , TERMINATION_REASON_OPTIMAL              ,           12480,   24.691434196         ,                        12682,  0.027031751000000003 , 202
mushroom-best              , TERMINATION_REASON_OPTIMAL              ,            7000,    1.690630426         ,                         7128,  0.005004914          , 128
scpk4                      , TERMINATION_REASON_OPTIMAL              ,           24040,   66.01611310700001    ,                        24061,  0.039494816          , 21
triptim7                   , TERMINATION_REASON_KKT_MATRIX_PASS_LIMIT,           99318,   71.818669914         ,                       100000,  0.012680894000000002 , 682
mzzv11                     , TERMINATION_REASON_KKT_MATRIX_PASS_LIMIT,           99606,   26.756473863         ,                       100000,  0.004447228          , 394
circ10-3                   , TERMINATION_REASON_OPTIMAL              ,             680,    0.33022512500000006 ,                          692,  0.008585969          , 12
piperout-d20               , TERMINATION_REASON_KKT_MATRIX_PASS_LIMIT,           99546,   29.518711940000003   ,                       100000,  0.005526488          , 454
neos-3354841-apure         , TERMINATION_REASON_OPTIMAL              ,            8560,   77.133323098         ,                         8766,  0.134850133          , 206
neos-5189128-totara        , TERMINATION_REASON_OPTIMAL              ,           13280,   36.91352163          ,                        13393,  0.039363681000000005 , 113
sp98ic                     , TERMINATION_REASON_OPTIMAL              ,           29218,    9.497348009000001   ,                        29725,  0.007204636          , 507
neos-3695882-vesdre        , TERMINATION_REASON_OPTIMAL              ,             840,    1.7040395860000002  ,                          843,  0.025658680000000003 , 3
in                         , TERMINATION_REASON_OPTIMAL              ,            1880,   83.46581970000001    ,                         1930,  0.431488496          , 50
ns930473                   , TERMINATION_REASON_OPTIMAL              ,            1720,    0.43587049400000005 ,                         1721,  0.005046433          , 1
bab6                       , TERMINATION_REASON_KKT_MATRIX_PASS_LIMIT,           99431,  268.39965176000004    ,                       100000,  0.038651625          , 569
physiciansched3-4          , TERMINATION_REASON_KKT_MATRIX_PASS_LIMIT,           99597,  315.057294855         ,                       100000,  0.043058102          , 403
satellites2-40             , TERMINATION_REASON_OPTIMAL              ,           63040,   31.499239724000002   ,                        63113,  0.008899192          , 73
fastxgemm-n3r22s4t6        , TERMINATION_REASON_OPTIMAL              ,            1120,    3.0130641990000004  ,                         1125,  0.034070626          , 5
neos-5076235-embley        , TERMINATION_REASON_OPTIMAL              ,            1320,    2.8241854440000003  ,                         1342,  0.030867016          , 22
triptim2                   , TERMINATION_REASON_KKT_MATRIX_PASS_LIMIT,           99777,   70.798103033         ,                       100000,  0.012626197          , 223
sing5                      , TERMINATION_REASON_KKT_MATRIX_PASS_LIMIT,           99700,  189.98961708000002    ,                       100000,  0.02641415           , 300
sing11                     , TERMINATION_REASON_KKT_MATRIX_PASS_LIMIT,           99086,  234.61847331200002    ,                       100000,  0.030499294000000003 , 914
neos-5118851-kowhai        , TERMINATION_REASON_OPTIMAL              ,            1280,   21.172086542         ,                         1317,  0.18296542400000002  , 37
fhnw-binschedule2          , TERMINATION_REASON_OPTIMAL              ,            7880,    2.2102283750000002  ,                         7964,  0.0054708790000000005, 84
nursesched-sprint02        , TERMINATION_REASON_OPTIMAL              ,            2000,    0.49720485400000003 ,                         2043,  0.004825899000000001 , 43
neos-4533806-waima         , TERMINATION_REASON_OPTIMAL              ,           90680,  237.36839911400003    ,                        90884,  0.039133063          , 204
neos-848589                , TERMINATION_REASON_OPTIMAL              ,            3880,   23.939417469000002   ,                         3892,  0.071394012          , 12
scpl4                      , TERMINATION_REASON_OPTIMAL              ,           65960,  444.07352506300003    ,                        65981,  0.09289738800000001  , 21
mzzv42z                    , TERMINATION_REASON_KKT_MATRIX_PASS_LIMIT,           99025,   29.466288019         ,                       100000,  0.005009415000000001 , 975
dolom1                     , TERMINATION_REASON_OPTIMAL              ,               0,    0.005392699         ,                            0,  0.005196671          , 0
gfd-schedulen180f7d50m30k18, TERMINATION_REASON_OPTIMAL              ,            7240,   46.334641595         ,                         7303,  0.076646744          , 63
neos-5123665-limmat        , TERMINATION_REASON_KKT_MATRIX_PASS_LIMIT,           99868, 1608.369666317         ,                       100000,  0.19467899800000002  , 132
gmut-76-40                 , TERMINATION_REASON_KKT_MATRIX_PASS_LIMIT,           98734,   27.947189058         ,                       100000,  0.0055965120000000005, 1266
woodlands09                , TERMINATION_REASON_OPTIMAL              ,            5560,   47.237100895000005   ,                         5569,  0.100752409          , 9
square23                   , TERMINATION_REASON_OPTIMAL              ,           33000,   42.607106419000004   ,                        33459,  0.022309416000000002 , 459
neos-3209462-rhin          , TERMINATION_REASON_OPTIMAL              ,            1000,    1.9112849140000001  ,                         1014,  0.024253916          , 14
n2seq36q                   , TERMINATION_REASON_OPTIMAL              ,            1760,    0.570773749         ,                         1783,  0.005478737          , 23
fhnw-schedule-pairb400     , TERMINATION_REASON_OPTIMAL              ,            1840,   10.124108263         ,                         1892,  0.065591223          , 52
leo1                       , TERMINATION_REASON_PRIMAL_INFEASIBLE    ,              40,    0.015226453000000001,                           47,  0.0033383690000000003, 7
shs1023                    , TERMINATION_REASON_KKT_MATRIX_PASS_LIMIT,           99030,  566.7232695170001     ,                       100000,  0.06509697           , 970
unitcal_7                  , TERMINATION_REASON_KKT_MATRIX_PASS_LIMIT,           99981,   42.899804626000005   ,                       100000,  0.007639296          , 19
neos-3237086-abava         , TERMINATION_REASON_OPTIMAL              ,             240,    0.273776737         ,                          250,  0.013131093000000002 , 10
cmflsp40-36-2-10           , TERMINATION_REASON_OPTIMAL              ,           31000,   14.472654866000001   ,                        31067,  0.009488168          , 67
satellites2-60-fs          , TERMINATION_REASON_OPTIMAL              ,           53800,   18.970898050000002   ,                        53882,  0.006240163          , 82
30n20b8                    , TERMINATION_REASON_KKT_MATRIX_PASS_LIMIT,           99871,   17.174415424         ,                       100000,  0.003691938          , 129
rmine25                    , TERMINATION_REASON_KKT_MATRIX_PASS_LIMIT,           99987, 3778.1201646550003     ,                       100000,  0.435391197          , 13
neos-3322547-alsek         , TERMINATION_REASON_OPTIMAL              ,            4080,   49.282610601         ,                         4138,  0.131362793          , 58
dc1l                       , TERMINATION_REASON_KKT_MATRIX_PASS_LIMIT,           99390,   71.488866414         ,                       100000,  0.013264271000000001 , 610
ns1644855                  , TERMINATION_REASON_OPTIMAL              ,           29160,  101.507854081         ,                        29750,  0.052420274          , 590
academictimetablebig       , TERMINATION_REASON_OPTIMAL              ,            3640,   16.464492171000003   ,                         3678,  0.055665219          , 38
sorrell3                   , TERMINATION_REASON_OPTIMAL              ,             128,    0.44717784600000005 ,                          129,  0.019698193000000003 , 1
map14860-20                , TERMINATION_REASON_KKT_MATRIX_PASS_LIMIT,           99094,  429.54169838700005    ,                       100000,  0.059484779          , 906
d20200                     , TERMINATION_REASON_KKT_MATRIX_PASS_LIMIT,           98322,   18.508146259         ,                       100000,  0.004339436          , 1678
supportcase43              , TERMINATION_REASON_OPTIMAL              ,             760,    4.3908093390000005  ,                          761,  0.053481057000000005 , 1
core4872-1529              , TERMINATION_REASON_OPTIMAL              ,               0,    0.008280935         ,                            0,  0.00794451           , 0
neos-5118834-korana        , TERMINATION_REASON_OPTIMAL              ,           63000,  701.341438452         ,                        63084,  0.13783468000000001  , 84
neos-780889                , TERMINATION_REASON_OPTIMAL              ,            3240,    7.504268502         ,                         3252,  0.029373101000000002 , 12
supportcase7               , TERMINATION_REASON_KKT_MATRIX_PASS_LIMIT,           99206,  513.925270625         ,                       100000,  0.07531109000000001  , 794
v150d30-2hopcds            , TERMINATION_REASON_OPTIMAL              ,            5080,    0.8933712410000001  ,                         5097,  0.0031602920000000003, 17
graph40-40-1rand           , TERMINATION_REASON_OPTIMAL              ,             680,    3.636003671         ,                          682,  0.058721583          , 2
neos-932721                , TERMINATION_REASON_OPTIMAL              ,             880,    0.268489385         ,                          887,  0.004868074          , 7
supportcase42              , TERMINATION_REASON_KKT_MATRIX_PASS_LIMIT,           99925,   51.75609145000001    ,                       100000,  0.010805773000000001 , 75
nj3                        , TERMINATION_REASON_OPTIMAL              ,            3720,    6.079808045         ,                         3726,  0.022376006          , 6
neos-957143                , TERMINATION_REASON_OPTIMAL              ,             960,    0.9311001400000001  ,                          977,  0.014088211000000002 , 17
radiationm40-10-02         , TERMINATION_REASON_KKT_MATRIX_PASS_LIMIT,           99956,  264.47864321500003    ,                       100000,  0.033177507          , 44
ns1456591                  , TERMINATION_REASON_OPTIMAL              ,            7360,    1.557861364         ,                         7524,  0.0045471750000000005, 164
neos-3437289-erdre         , TERMINATION_REASON_OPTIMAL              ,               0,    0.003984285000000001,                            0,  0.0038376490000000003, 0
neos-662469                , TERMINATION_REASON_OPTIMAL              ,           15640,    4.124532772         ,                        15746,  0.005415247000000001 , 106
cmflsp60-36-2-6            , TERMINATION_REASON_OPTIMAL              ,           14800,   12.50722796          ,                        14917,  0.01466443           , 117
chromaticindex1024-7       , TERMINATION_REASON_OPTIMAL              ,             480,    0.7837512320000001  ,                          491,  0.016932037          , 11
neos-5049753-cuanza        , TERMINATION_REASON_OPTIMAL              ,             840,    4.936403014000001   ,                          850,  0.069042117          , 10
neos-1593097               , TERMINATION_REASON_OPTIMAL              ,            1640,    0.357477321         ,                         1652,  0.003549636          , 12
ns1116954                  , TERMINATION_REASON_OPTIMAL              ,             320,    0.490126636         ,                          336,  0.017156764          , 16
allcolor58                 , TERMINATION_REASON_OPTIMAL              ,             440,    1.189775376         ,                          441,  0.029262655000000002 , 1
opm2-z8-s0                 , TERMINATION_REASON_OPTIMAL              ,            7720,    3.9000226330000003  ,                         7868,  0.007769778000000001 , 148
uccase9                    , TERMINATION_REASON_OPTIMAL              ,           18760,   12.348247892000002   ,                        18840,  0.012686667          , 80
neos-5129192-manaia        , TERMINATION_REASON_OPTIMAL              ,             800,    6.960675075         ,                          803,  0.085681043          , 3
nj1                        , TERMINATION_REASON_OPTIMAL              ,            1520,    2.058260048         ,                         1522,  0.018651749000000002 , 2
irish-electricity          , TERMINATION_REASON_KKT_MATRIX_PASS_LIMIT,           99573,  149.10355159800002    ,                       100000,  0.023160324000000003 , 427
neos-5221106-oparau        , TERMINATION_REASON_OPTIMAL              ,             600,    0.28271280000000004 ,                          607,  0.007282281000000001 , 7
fast0507                   , TERMINATION_REASON_OPTIMAL              ,           30280,   25.350078189000005   ,                        30346,  0.014966306          , 66
shs1014                    , TERMINATION_REASON_KKT_MATRIX_PASS_LIMIT,           99649,  553.000927465         ,                       100000,  0.064888043          , 351
map18                      , TERMINATION_REASON_KKT_MATRIX_PASS_LIMIT,           98845,  425.044729462         ,                       100000,  0.059153634000000004 , 1155
sorrell7                   , TERMINATION_REASON_OPTIMAL              ,             100,    0.151190339         ,                          102,  0.008839464          , 2
atlanta-ip                 , TERMINATION_REASON_OPTIMAL              ,           64320,   43.973517221         ,                        65139,  0.011781156000000001 , 819
van                        , TERMINATION_REASON_OPTIMAL              ,           69880,   41.438920248         ,                        69886,  0.011406133          , 6
neos-913984                , TERMINATION_REASON_OPTIMAL              ,             120,    0.173396512         ,                          125,  0.009180613          , 5
ns1690781                  , TERMINATION_REASON_OPTIMAL              ,           66000,   16.868370141         ,                        67236,  0.005713468          , 1236
neos-4292145-piako         , TERMINATION_REASON_OPTIMAL              ,           82800,   52.459227998         ,                        83408,  0.011039115          , 608
map16715-04                , TERMINATION_REASON_KKT_MATRIX_PASS_LIMIT,           98788,  431.357520598         ,                       100000,  0.059508861          , 1212
cdc7-4-3-2                 , TERMINATION_REASON_OPTIMAL              ,              80,    0.047307205000000005,                           82,  0.005598508          , 2
neos-960392                , TERMINATION_REASON_OPTIMAL              ,           14280,    6.811962655         ,                        14582,  0.008420516000000001 , 302
neos-4322846-ryton         , TERMINATION_REASON_OPTIMAL              ,            2680,    5.698455376         ,                         2745,  0.024434294000000002 , 65
opm2-z12-s8                , TERMINATION_REASON_OPTIMAL              ,           92360,  294.64625051700006    ,                        92437,  0.040309798          , 77
neos-948346                , TERMINATION_REASON_OPTIMAL              ,            1800,    1.830720955         ,                         1875,  0.015440463000000001 , 75
neos-1122047               , TERMINATION_REASON_OPTIMAL              ,           12280,    4.862771439         ,                        12498,  0.007485345000000001 , 218
dws012-03                  , TERMINATION_REASON_OPTIMAL              ,             480,    0.45528560600000006 ,                          481,  0.014947140000000001 , 1
neos-2746589-doon          , TERMINATION_REASON_OPTIMAL              ,           32160,   18.713589821         ,                        32182,  0.011199237          , 22
triptim1                   , TERMINATION_REASON_KKT_MATRIX_PASS_LIMIT,           99619,   74.862188864         ,                       100000,  0.012965943          , 381
map10                      , TERMINATION_REASON_KKT_MATRIX_PASS_LIMIT,           98728,  428.125877882         ,                       100000,  0.058972268          , 1272
ns1631475                  , TERMINATION_REASON_KKT_MATRIX_PASS_LIMIT,           99807,   33.440497171000004   ,                       100000,  0.0056099520000000005, 193
neos-4555749-wards         , TERMINATION_REASON_OPTIMAL              ,           95920,  248.054601708         ,                        96083,  0.038771944          , 163
neos-827175                , TERMINATION_REASON_OPTIMAL              ,           10960,    3.1753581840000003  ,                        10976,  0.005566457          , 16
rmine13                    , TERMINATION_REASON_OPTIMAL              ,           15280,   28.377257228         ,                        15371,  0.025184765          , 91
neos-5223573-tarwin        , TERMINATION_REASON_OPTIMAL              ,             760,    6.3687301220000005  ,                          763,  0.098401637          , 3
thor50dday                 , TERMINATION_REASON_OPTIMAL              ,            4440,    4.351838688         ,                         4528,  0.015993163          , 88
dc1c                       , TERMINATION_REASON_OPTIMAL              ,               0,    0.003762108         ,                            0,  0.0036170300000000002, 0
neos-787933                , TERMINATION_REASON_OPTIMAL              ,            1680,    3.9998618400000003  ,                         1708,  0.028517792          , 28
rail01                     , TERMINATION_REASON_KKT_MATRIX_PASS_LIMIT,           99187,  157.446462441         ,                       100000,  0.021234817000000003 , 813
neos-4260495-otere         , TERMINATION_REASON_OPTIMAL              ,           15280,   55.041185606000006   ,                        15393,  0.048491974          , 113
neos-4954274-beardy        , TERMINATION_REASON_OPTIMAL              ,            5160,    1.202480301         ,                         5186,  0.004729999          , 26
fhnw-schedule-paira200     , TERMINATION_REASON_OPTIMAL              ,             261,    0.141681514         ,                          272,  0.006866175          , 11
neos-498623                , TERMINATION_REASON_OPTIMAL              ,            3520,    0.6674898480000001  ,                         3653,  0.003689288          , 133
t1717                      , TERMINATION_REASON_KKT_MATRIX_PASS_LIMIT,           99942,   95.521407092         ,                       100000,  0.017159953000000002 , 58
neos-4972437-bojana        , TERMINATION_REASON_OPTIMAL              ,           14680,   97.665592547         ,                        14818,  0.085336861          , 138
neos-4647027-thurso        , TERMINATION_REASON_OPTIMAL              ,            2480,   14.532019813000002   ,                         2541,  0.100934174          , 61
cmflsp40-24-10-7           , TERMINATION_REASON_OPTIMAL              ,            9560,    1.62001804          ,                         9629,  0.003577574          , 69
neos-4321076-ruwer         , TERMINATION_REASON_OPTIMAL              ,            3760,   29.785273392         ,                         3858,  0.09234463600000001  , 98
neos-956971                , TERMINATION_REASON_OPTIMAL              ,            1000,    0.9321019810000001  ,                         1003,  0.013922915000000001 , 3
datt256                    , TERMINATION_REASON_OPTIMAL              ,            1160,    5.857140979         ,                         1163,  0.056113655000000005 , 3
ns1905797                  , TERMINATION_REASON_OPTIMAL              ,            2400,    1.23817887          ,                         2412,  0.009246126          , 12
ns1904248                  , TERMINATION_REASON_OPTIMAL              ,              80,    0.218139266         ,                           83,  0.02030331           , 3
z26                        , TERMINATION_REASON_OPTIMAL              ,             680,    7.855459534         ,                          699,  0.11922658400000001  , 19
neos6                      , TERMINATION_REASON_OPTIMAL              ,            4440,    1.3335394320000002  ,                         4543,  0.005932567000000001 , 103
pb-fit2d                   , TERMINATION_REASON_OPTIMAL              ,           75520,  241.35208099700003    ,                        75567,  0.045041262000000006 , 47
fastxgemm-n3r23s5t6        , TERMINATION_REASON_OPTIMAL              ,             800,    2.3185728730000004  ,                          808,  0.035316347000000005 , 8
sp97ar                     , TERMINATION_REASON_KKT_MATRIX_PASS_LIMIT,           99940,   31.909273959000004   ,                       100000,  0.006932408          , 60
neos-578379                , TERMINATION_REASON_OPTIMAL              ,            1880,    0.47158120600000003 ,                         1882,  0.004648702          , 2
satellites4-25             , TERMINATION_REASON_OPTIMAL              ,           71840,  147.940176924         ,                        71895,  0.027036756000000002 , 55
rail02                     , TERMINATION_REASON_KKT_MATRIX_PASS_LIMIT,           99672,  384.723412535         ,                       100000,  0.045672743          , 328
dws012-01                  , TERMINATION_REASON_OPTIMAL              ,             440,    0.12459282          ,                          441,  0.005329128000000001 , 1
neos-5196530-nuhaka        , TERMINATION_REASON_OPTIMAL              ,             320,    0.184398548         ,                          321,  0.007039625000000001 , 1
neos-941313                , TERMINATION_REASON_OPTIMAL              ,           12840,   22.124862515         ,                        12843,  0.02395463           , 3
ds-big                     , TERMINATION_REASON_KKT_MATRIX_PASS_LIMIT,           98382,  885.9573184280001     ,                       100000,  0.12836920200000002  , 1618
seqsolve2short4288         , TERMINATION_REASON_OPTIMAL              ,            2600,   13.519003050000002   ,                         2671,  0.057140542          , 71
neos-4724674-aorere        , TERMINATION_REASON_OPTIMAL              ,           26000,   42.598950728000005   ,                        26028,  0.023614221          , 28
bab5                       , TERMINATION_REASON_OPTIMAL              ,           11640,    2.7923869710000004  ,                        11704,  0.004883126000000001 , 64
neos-826224                , TERMINATION_REASON_OPTIMAL              ,           40840,   14.488827272000002   ,                        40898,  0.007032209          , 58
leo2                       , TERMINATION_REASON_PRIMAL_INFEASIBLE    ,              40,    0.023544289000000003,                           47,  0.005240773000000001 , 7
bppc6-02                   , TERMINATION_REASON_OPTIMAL              ,            6160,    1.1684250100000002  ,                         6176,  0.004287866          , 16
neos-4722843-widden        , TERMINATION_REASON_OPTIMAL              ,           21240,   26.731019988000003   ,                        21357,  0.019423354          , 117
nj2                        , TERMINATION_REASON_OPTIMAL              ,            4080,    6.316834106000001   ,                         4083,  0.021883636          , 3
neos-5102383-irwell        , TERMINATION_REASON_OPTIMAL              ,            1440,    3.4507161760000002  ,                         1461,  0.034335312          , 21
physiciansched6-1          , TERMINATION_REASON_KKT_MATRIX_PASS_LIMIT,           98626,  241.903344338         ,                       100000,  0.032988540000000004 , 1374
neos-933966                , TERMINATION_REASON_OPTIMAL              ,            1160,    0.423222418         ,                         1170,  0.006442105          , 10
supportcase41              , TERMINATION_REASON_OPTIMAL              ,            2320,    0.7482927410000001  ,                         2350,  0.006554539000000001 , 30
adult-regularized          , TERMINATION_REASON_OPTIMAL              ,           14400,   12.126427248         ,                        14648,  0.013499384000000001 , 248
nursesched-medium04        , TERMINATION_REASON_OPTIMAL              ,            2400,    2.204095637         ,                         2449,  0.014361689          , 49
neos-5106984-jizera        , TERMINATION_REASON_OPTIMAL              ,            1320,   16.090966978         ,                         1346,  0.138236032          , 26
rocII-10-11                , TERMINATION_REASON_OPTIMAL              ,            6800,    7.612994823000001   ,                         6914,  0.016920445000000003 , 114
nsr8k                      , TERMINATION_REASON_OPTIMAL              ,               0,    0.013049358         ,                            0,  0.012507220000000001 , 0
ns1849932                  , TERMINATION_REASON_OPTIMAL              ,            2720,    7.4294984070000005  ,                         2744,  0.034971831          , 24
neos-2987310-joes          , TERMINATION_REASON_KKT_MATRIX_PASS_LIMIT,           98312,   83.58397478100001    ,                       100000,  0.01413522           , 1688
ns1111636                  , TERMINATION_REASON_OPTIMAL              ,            2720,    9.484508657000001   ,                         2757,  0.041789371000000006 , 37
cmflsp50-24-8-8            , TERMINATION_REASON_OPTIMAL              ,            6240,    1.351247821         ,                         6310,  0.004277488          , 70
neos-4797081-pakoka        , TERMINATION_REASON_OPTIMAL              ,           29240,   15.402530302         ,                        29470,  0.010369254000000001 , 230
fhnw-schedule-paira400     , TERMINATION_REASON_OPTIMAL              ,             280,    0.7634126370000001  ,                          291,  0.026995405          , 11
graphdraw-opmanager        , TERMINATION_REASON_OPTIMAL              ,             800,    0.475056459         ,                          808,  0.00975748           , 8
graph40-20-1rand           , TERMINATION_REASON_OPTIMAL              ,             320,    0.41649486700000005 ,                          322,  0.015028749000000001 , 2
supportcase39              , TERMINATION_REASON_OPTIMAL              ,            9560,    3.7967874310000003  ,                         9885,  0.008580223          , 325
ns1760995                  , TERMINATION_REASON_KKT_MATRIX_PASS_LIMIT,           99088,  638.656764636         ,                       100000,  0.088071903          , 912
tbfp-network               , TERMINATION_REASON_OPTIMAL              ,            8040,    4.4090941070000005  ,                         8158,  0.009642229          , 118
physiciansched5-3          , TERMINATION_REASON_KKT_MATRIX_PASS_LIMIT,           98174,   33.847767768000004   ,                       100000,  0.006570771          , 1826
neos-5100895-inster        , TERMINATION_REASON_OPTIMAL              ,            2800,    3.409562891         ,                         2838,  0.018749009          , 38
k1mushroom                 , TERMINATION_REASON_OPTIMAL              ,            4920,   12.898789326000001   ,                         5103,  0.041688763000000004 , 183
splice1k1                  , TERMINATION_REASON_OPTIMAL              ,           29280,   76.526931813         ,                        29579,  0.043764294          , 299
sorrell4                   , TERMINATION_REASON_OPTIMAL              ,             120,    1.3632654020000001  ,                          122,  0.068233825          , 2
supportcase33              , TERMINATION_REASON_OPTIMAL              ,            5200,    2.039714156         ,                         5261,  0.007052528000000001 , 61
bab1                       , TERMINATION_REASON_OPTIMAL              ,            3640,    6.668357709         ,                         3706,  0.026904586          , 66
shs1042                    , TERMINATION_REASON_KKT_MATRIX_PASS_LIMIT,           98793,  584.130277494         ,                       100000,  0.067312682          , 1207
ex9                        , TERMINATION_REASON_OPTIMAL              ,             560,    0.524061296         ,                          562,  0.013078442000000001 , 2
cryptanalysiskb128n5obj16  , TERMINATION_REASON_OPTIMAL              ,            1200,    1.4855848850000002  ,                         1207,  0.016382055          , 7
neos-3025225-shelon        , TERMINATION_REASON_OPTIMAL              ,           15200,  214.95625229900003    ,                        15338,  0.228964208          , 138
fiball                     , TERMINATION_REASON_OPTIMAL              ,             920,    0.34392820300000004 ,                          940,  0.005071586          , 20
nsrand-ipx                 , TERMINATION_REASON_OPTIMAL              ,            3880,    0.873836085         ,                         3979,  0.005064066000000001 , 99
neos-4972461-bolong        , TERMINATION_REASON_OPTIMAL              ,           73200,  391.42560204100005    ,                        73293,  0.071130675          , 93
bppc6-06                   , TERMINATION_REASON_OPTIMAL              ,           11120,    2.009775214         ,                        11178,  0.004059358          , 58
blp-ic98                   , TERMINATION_REASON_OPTIMAL              ,            8160,    1.835189637         ,                         8254,  0.004853966          , 94
netdiversion               , TERMINATION_REASON_OPTIMAL              ,           17680,   41.045736726         ,                        17879,  0.028554363000000003 , 199
sct5                       , TERMINATION_REASON_OPTIMAL              ,           68160,   25.714043789         ,                        68198,  0.00751306           , 38
supportcase2               , TERMINATION_REASON_OPTIMAL              ,             280,    4.89073184          ,                          287,  0.21903180300000002  , 7
physiciansched6-2          , TERMINATION_REASON_KKT_MATRIX_PASS_LIMIT,           98240,  219.937731347         ,                       100000,  0.030117242000000002 , 1760
core2536-691               , TERMINATION_REASON_OPTIMAL              ,               0,    0.005574608000000001,                            0,  0.00535543           , 0
sct1                       , TERMINATION_REASON_KKT_MATRIX_PASS_LIMIT,           99897,   27.494648367000003   ,                       100000,  0.005381404          , 103
sing17                     , TERMINATION_REASON_KKT_MATRIX_PASS_LIMIT,           99579,  702.2642470820001     ,                       100000,  0.079252212          , 421
ns1830653                  , TERMINATION_REASON_OPTIMAL              ,            3640,    0.351987649         ,                         3651,  0.002180032          , 11
neos-953928                , TERMINATION_REASON_OPTIMAL              ,            1080,    0.357686751         ,                         1094,  0.005698741          , 14
neos-4409277-trave         , TERMINATION_REASON_OPTIMAL              ,             960,    0.288172784         ,                          969,  0.005076143          , 9
neos-5013590-toitoi        , TERMINATION_REASON_KKT_MATRIX_PASS_LIMIT,           98725,   49.985732951         ,                       100000,  0.008917661          , 1275
physiciansched3-3          , TERMINATION_REASON_KKT_MATRIX_PASS_LIMIT,           99278,  352.31466086800003    ,                       100000,  0.048927874          , 722
neos-1367061               , TERMINATION_REASON_OPTIMAL              ,           38775,   33.691464979         ,                        39085,  0.014520816          , 310
proteindesign121pgb11p9    , TERMINATION_REASON_KKT_MATRIX_PASS_LIMIT,           98745,  151.434323258         ,                       100000,  0.021166417          , 1255
neos-4295773-pissa         , TERMINATION_REASON_OPTIMAL              ,            1240,    3.2914213720000003  ,                         1244,  0.031615166          , 4
sct32                      , TERMINATION_REASON_KKT_MATRIX_PASS_LIMIT,           98280,   16.761396039         ,                       100000,  0.0035295860000000004, 1720
supportcase23              , TERMINATION_REASON_OPTIMAL              ,            1840,    0.9303563000000001  ,                         1842,  0.007477802          , 2
savsched1                  , TERMINATION_REASON_OPTIMAL              ,            1880,   16.872762760000004   ,                         1927,  0.098377716          , 47
blp-ic97                   , TERMINATION_REASON_OPTIMAL              ,            6520,    0.9997332960000002  ,                         6564,  0.003278501          , 44
neos-4763324-toguru        , TERMINATION_REASON_KKT_MATRIX_PASS_LIMIT,           98623,  107.629421979         ,                       100000,  0.017651893000000002 , 1377
ivu06                      , TERMINATION_REASON_KKT_MATRIX_PASS_LIMIT,           98811, 2389.7681412670004     ,                       100000,  0.31933194000000004  , 1189
gmut-76-50                 , TERMINATION_REASON_KKT_MATRIX_PASS_LIMIT,           98815,   94.853033019         ,                       100000,  0.016028599          , 1185
fhnw-binschedule0          , TERMINATION_REASON_KKT_MATRIX_PASS_LIMIT,           99553,  479.93971385500004    ,                       100000,  0.060704311000000004 , 447
neos9                      , TERMINATION_REASON_OPTIMAL              ,            1680,    1.370037953         ,                         1688,  0.013123829          , 8
neos-2669500-cust          , TERMINATION_REASON_OPTIMAL              ,           25800,   53.47166462          ,                        25826,  0.028556851          , 26
vpphard2                   , TERMINATION_REASON_OPTIMAL              ,            1160,    4.04873272          ,                         1169,  0.043106367          , 9
vpphard                    , TERMINATION_REASON_OPTIMAL              ,            1920,    1.651067445         ,                         1921,  0.013951686000000001 , 1
eilC76-2                   , TERMINATION_REASON_OPTIMAL              ,            9960,    5.618007749         ,                        10076,  0.010810371000000001 , 116
map06                      , TERMINATION_REASON_KKT_MATRIX_PASS_LIMIT,           98672,  425.46120567          ,                       100000,  0.059030585000000003 , 1328
stp3d                      , TERMINATION_REASON_OPTIMAL              ,           81600,  272.20584776800007    ,                        81621,  0.042706520000000005 , 21
neos-4976951-bunnoo        , TERMINATION_REASON_OPTIMAL              ,           50080,  334.100504156         ,                        50205,  0.086279332          , 125
nursesched-sprint-hidden09 , TERMINATION_REASON_OPTIMAL              ,            2880,    0.716370869         ,                         2898,  0.004970344000000001 , 18
neos-885524                , TERMINATION_REASON_OPTIMAL              ,             160,    0.201097415         ,                          166,  0.013401482000000001 , 6
neos-5149806-wieprz        , TERMINATION_REASON_OPTIMAL              ,             920,    1.01648867          ,                          932,  0.016504483          , 12
snip10x10-35r1budget17     , TERMINATION_REASON_OPTIMAL              ,             480,    1.299016286         ,                          497,  0.028230055          , 17
chromaticindex512-7        , TERMINATION_REASON_OPTIMAL              ,             600,    0.396377209         ,                          605,  0.008128038          , 5
core2586-950               , TERMINATION_REASON_OPTIMAL              ,               0,    0.004291695000000001,                            0,  0.004107786          , 0
neos-5104907-jarama        , TERMINATION_REASON_KKT_MATRIX_PASS_LIMIT,           99883,  793.0120844450001     ,                       100000,  0.101183071          , 117
neos-872648                , TERMINATION_REASON_KKT_MATRIX_PASS_LIMIT,           99795,  194.61226119000003    ,                       100000,  0.027175919000000003 , 205
neos-4306827-ravan         , TERMINATION_REASON_OPTIMAL              ,           29280,   94.806069528         ,                        29491,  0.043549464          , 211
germanrr                   , TERMINATION_REASON_KKT_MATRIX_PASS_LIMIT,           98964,   27.779259904000003   ,                       100000,  0.005816095          , 1036
rmatr200-p5                , TERMINATION_REASON_OPTIMAL              ,           43080,   18.202888401         ,                        43234,  0.007729186000000001 , 154
neos-950242                , TERMINATION_REASON_OPTIMAL              ,            1000,    0.27449560300000003 ,                         1003,  0.004608435          , 3
genus-sym-g62-2            , TERMINATION_REASON_OPTIMAL              ,             120,    0.15606620200000001 ,                          120,  0.011080207          , 0
neos-4165869-wannon        , TERMINATION_REASON_KKT_MATRIX_PASS_LIMIT,           99558,   72.464106897         ,                       100000,  0.013418362000000001 , 442
core4284-1064              , TERMINATION_REASON_OPTIMAL              ,               0,    0.008009456         ,                            0,  0.0076995480000000005, 0
eva1aprime6x6opt           , TERMINATION_REASON_OPTIMAL              ,            9080,    2.554802012         ,                         9094,  0.005776224          , 14
ns1952667                  , TERMINATION_REASON_OPTIMAL              ,            3040,    1.2932899640000002  ,                         3044,  0.008244063000000001 , 4
neos-5041822-cockle        , TERMINATION_REASON_KKT_MATRIX_PASS_LIMIT,           99855,  662.03896278          ,                       100000,  0.084062678          , 145
neos-4562542-watut         , TERMINATION_REASON_KKT_MATRIX_PASS_LIMIT,           99418,  425.07639669          ,                       100000,  0.061933550000000004 , 582
ex10                       , TERMINATION_REASON_OPTIMAL              ,             520,    1.3471837960000002  ,                          526,  0.0318415            , 6
neos-2978205-isar          , TERMINATION_REASON_OPTIMAL              ,             960,    0.795044757         ,                          966,  0.01245161           , 6
neos-3572885-glina         , TERMINATION_REASON_OPTIMAL              ,            3200,    2.745640706         ,                         3228,  0.012469352000000001 , 28
neos-5193246-nerang        , TERMINATION_REASON_OPTIMAL              ,             360,    0.20206263400000002 ,                          361,  0.00710321           , 1
momentum1                  , TERMINATION_REASON_KKT_MATRIX_PASS_LIMIT,           99118,   28.779904548         ,                       100000,  0.005723393          , 882
triptim4                   , TERMINATION_REASON_KKT_MATRIX_PASS_LIMIT,           99783,   71.24138659500001    ,                       100000,  0.012748484000000001 , 217
neos-4408804-prosna        , TERMINATION_REASON_OPTIMAL              ,           27840,   23.267807015000002   ,                        28282,  0.014748047          , 442
neos-1354092               , TERMINATION_REASON_OPTIMAL              ,           25240,    6.081619317         ,                        25247,  0.004808243          , 7
var-smallemery-m6j6        , TERMINATION_REASON_OPTIMAL              ,           44880,   52.042656651         ,                        44919,  0.020977502000000002 , 39
neos-4413714-turia         , TERMINATION_REASON_KKT_MATRIX_PASS_LIMIT,           99454,  235.87479513200003    ,                       100000,  0.031253213          , 546
t1722                      , TERMINATION_REASON_OPTIMAL              ,           27920,   11.303789365         ,                        27992,  0.007974905000000001 , 72
ns1430538                  , TERMINATION_REASON_OPTIMAL              ,           80400,   35.213507220000004   ,                        80877,  0.008625138000000001 , 477
highschool1-aigio          , TERMINATION_REASON_OPTIMAL              ,            1520,    8.891093074         ,                         1526,  0.062644716          , 6
neos-873061                , TERMINATION_REASON_OPTIMAL              ,            7360,   14.505435668         ,                         7476,  0.027326902          , 116
piperout-d27               , TERMINATION_REASON_KKT_MATRIX_PASS_LIMIT,           99595,   33.865109778000004   ,                       100000,  0.006256067000000001 , 405
neos-3352863-ancoa         , TERMINATION_REASON_OPTIMAL              ,           79560,   97.473164829         ,                        79735,  0.021048630000000002 , 175
neos-3755335-nizao         , TERMINATION_REASON_OPTIMAL              ,             280,    0.5131415500000001  ,                          286,  0.021333887000000003 , 6
shipsched                  , TERMINATION_REASON_OPTIMAL              ,            2120,    0.7972122760000001  ,                         2121,  0.006963551          , 1
neos-4966258-blicks        , TERMINATION_REASON_OPTIMAL              ,            2160,    9.299881873         ,                         2200,  0.052952801          , 40
pb-grow22                  , TERMINATION_REASON_KKT_MATRIX_PASS_LIMIT,          100000,   24.641781061         ,                       100000,  0.005066696000000001 , 0
neos-860300                , TERMINATION_REASON_OPTIMAL              ,           10160,    3.6701605010000002  ,                        10263,  0.008644893          , 103
brazil3                    , TERMINATION_REASON_OPTIMAL              ,           10120,    3.058383372         ,                        10297,  0.005150967          , 177
neos-933638                , TERMINATION_REASON_OPTIMAL              ,            1240,    0.471892643         ,                         1248,  0.006567275          , 8
roi2alpha3n4               , TERMINATION_REASON_OPTIMAL              ,            6600,    7.806829636000001   ,                         6653,  0.021313205          , 53
co-100                     , TERMINATION_REASON_OPTIMAL              ,           89680,  277.97905967          ,                        89801,  0.050279683000000006 , 121
hgms30                     , TERMINATION_REASON_KKT_MATRIX_PASS_LIMIT,           99810,  288.456014779         ,                       100000,  0.039741222          , 190
neos-3634244-kauru         , TERMINATION_REASON_OPTIMAL              ,              80,    1.2804243770000001  ,                           81,  0.109111447          , 1
bab2                       , TERMINATION_REASON_OPTIMAL              ,           36600,  155.634479742         ,                        36910,  0.059124724000000003 , 310
rmine21                    , TERMINATION_REASON_KKT_MATRIX_PASS_LIMIT,           99989, 1695.152442015         ,                       100000,  0.19729401600000002  , 11
lr1dr12vc10v70b-t360       , TERMINATION_REASON_KKT_MATRIX_PASS_LIMIT,           99619,  297.909243558         ,                       100000,  0.035250189          , 381
uccase8                    , TERMINATION_REASON_OPTIMAL              ,           14520,    7.914554996000001   ,                        14603,  0.010925376          , 83
rmine15                    , TERMINATION_REASON_OPTIMAL              ,           28520,  108.183308615         ,                        28727,  0.047559487000000004 , 207
hgms62                     , TERMINATION_REASON_KKT_MATRIX_PASS_LIMIT,           99836,  669.7353364030001     ,                       100000,  0.08464982500000001  , 164
neos-631710                , TERMINATION_REASON_OPTIMAL              ,           12480,   42.455543713000004   ,                        12513,  0.043051276          , 33
neos-5052403-cygnet        , TERMINATION_REASON_OPTIMAL              ,           26640,  192.515895074         ,                        27119,  0.11589059700000001  , 479
neos-3759587-noosa         , TERMINATION_REASON_OPTIMAL              ,             160,    0.17553205500000002 ,                          165,  0.012427499000000002 , 5
neos-5195221-niemur        , TERMINATION_REASON_OPTIMAL              ,             320,    0.18642428300000002 ,                          321,  0.007220845          , 1
hypothyroid-k1             , TERMINATION_REASON_OPTIMAL              ,            7280,    3.1105517280000003  ,                         7502,  0.009315957000000001 , 222
neos-5251015-ogosta        , TERMINATION_REASON_OPTIMAL              ,            5600,   36.72262048100001    ,                         5633,  0.085286762          , 33
rocII-8-11                 , TERMINATION_REASON_OPTIMAL              ,            7520,    6.152066195000001   ,                         7638,  0.013388005000000001 , 118
neos-3148108-pahi          , TERMINATION_REASON_OPTIMAL              ,               0,    0.01990048          ,                            0,  0.019352909          , 0
neos-5273874-yomtsa        , TERMINATION_REASON_OPTIMAL              ,            4680,   30.125294596000003   ,                         4684,  0.084705311          , 4
neos-4359986-taipa         , TERMINATION_REASON_OPTIMAL              ,            1880,    1.012423901         ,                         1891,  0.007873325          , 11
blp-ar98                   , TERMINATION_REASON_OPTIMAL              ,           25640,    6.268997647         ,                        25711,  0.005443441          , 71
sing44                     , TERMINATION_REASON_KKT_MATRIX_PASS_LIMIT,           99635,   78.340340388         ,                       100000,  0.013950431000000001 , 365
ci-s4                      , TERMINATION_REASON_KKT_MATRIX_PASS_LIMIT,           99381,   20.825680233000003   ,                       100000,  0.00436596           , 619
neos-525149                , TERMINATION_REASON_OPTIMAL              ,             800,    2.547085995         ,                          824,  0.042900273          , 24
neos-824661                , TERMINATION_REASON_OPTIMAL              ,           12360,    4.97674841          ,                        12414,  0.007550025          , 54
neos-5266653-tugela        , TERMINATION_REASON_OPTIMAL              ,            1600,    0.55445734          ,                         1633,  0.0065837180000000006, 33
neos-4355351-swalm         , TERMINATION_REASON_OPTIMAL              ,            1520,    0.8214097260000001  ,                         1541,  0.009348903          , 21
neos-5093327-huahum        , TERMINATION_REASON_OPTIMAL              ,            4280,    6.504631746         ,                         4395,  0.022371697000000003 , 115
seqsolve1                  , TERMINATION_REASON_OPTIMAL              ,           11760,   54.87873464300001    ,                        11825,  0.056972657          , 65
rd-rplusc-21               , TERMINATION_REASON_OPTIMAL              ,            2360,    4.385120457         ,                         2389,  0.027282327000000002 , 29
uccase10                   , TERMINATION_REASON_KKT_MATRIX_PASS_LIMIT,           99837,  278.441130409         ,                       100000,  0.038424332000000005 , 163
snp-02-004-104             , TERMINATION_REASON_KKT_MATRIX_PASS_LIMIT,           99988,  305.315889861         ,                       100000,  0.036531014          , 12
neos-885086                , TERMINATION_REASON_OPTIMAL              ,             400,    0.125484432         ,                          426,  0.0054219690000000004, 26
neos-5116085-kenana        , TERMINATION_REASON_OPTIMAL              ,             840,   11.526104662         ,                          864,  0.14874224500000002  , 24
reblock420                 , TERMINATION_REASON_OPTIMAL              ,             840,    0.47211035          ,                          852,  0.007621483          , 12
fhnw-schedule-pairb200     , TERMINATION_REASON_OPTIMAL              ,            1080,    1.2128937670000002  ,                         1117,  0.015744486000000002 , 37
neos-5079731-flyers        , TERMINATION_REASON_OPTIMAL              ,            1680,    3.5746253560000003  ,                         1710,  0.030854725000000003 , 30
app1-2                     , TERMINATION_REASON_KKT_MATRIX_PASS_LIMIT,           98380,   48.535160093         ,                       100000,  0.009550378          , 1620
supportcase6               , TERMINATION_REASON_OPTIMAL              ,           31280,   51.660575278         ,                        31737,  0.022823236          , 457
roi5alpha10n8              , TERMINATION_REASON_OPTIMAL              ,            2560,   11.983163221000002   ,                         2612,  0.06705153300000001  , 52
lr1dr04vc05v17a-t360       , TERMINATION_REASON_KKT_MATRIX_PASS_LIMIT,           99366,   38.426768136999996   ,                       100000,  0.0062514020000000005, 634
proteindesign122trx11p8    , TERMINATION_REASON_KKT_MATRIX_PASS_LIMIT,           99302,  147.3751028           ,                       100000,  0.02026096           , 698
ns1856153                  , TERMINATION_REASON_OPTIMAL              ,             120,    0.060506523000000006,                          122,  0.005403125          , 2
stockholm                  , TERMINATION_REASON_KKT_MATRIX_PASS_LIMIT,           99946,   57.640933342000004   ,                       100000,  0.009326077          , 54
neos-4754521-awarau        , TERMINATION_REASON_OPTIMAL              ,              80,    0.47796352200000003 ,                           79,  0.048729025          , -1
neos-4647032-veleka        , TERMINATION_REASON_OPTIMAL              ,            4320,   27.067990594         ,                         4399,  0.102858873          , 79
sp98ar                     , TERMINATION_REASON_OPTIMAL              ,           38160,   17.049052500000002   ,                        38246,  0.009650102          , 86
supportcase12              , TERMINATION_REASON_OPTIMAL              ,           18840,  228.829579932         ,                        18946,  0.136899914          , 106
neos-954925                , TERMINATION_REASON_OPTIMAL              ,             840,    1.669027268         ,                          851,  0.024842265000000002 , 11
nursesched-medium-hint03   , TERMINATION_REASON_OPTIMAL              ,            4800,    4.56920442          ,                         4843,  0.015339039          , 43
uccase12                   , TERMINATION_REASON_KKT_MATRIX_PASS_LIMIT,           99285,  140.346443826         ,                       100000,  0.020779608          , 715
dws008-03                  , TERMINATION_REASON_OPTIMAL              ,             480,    0.158072991         ,                          481,  0.006551066          , 1
neos-5138690-middle        , TERMINATION_REASON_KKT_MATRIX_PASS_LIMIT,           99846, 1355.630476753         ,                       100000,  0.166531843          , 154
2club200v15p5scn           , TERMINATION_REASON_OPTIMAL              ,            1080,    0.315566581         ,                         1106,  0.009024441000000001 , 26
kosova1                    , TERMINATION_REASON_OPTIMAL              ,            3000,   38.986119460000005   ,                         3014,  0.142890238          , 14
scpj4scip                  , TERMINATION_REASON_OPTIMAL              ,           32160,   86.98105424200001    ,                        32182,  0.038917557000000005 , 22
neos-4300652-rahue         , TERMINATION_REASON_OPTIMAL              ,             400,    0.326415964         ,                          401,  0.011482677          , 1
proteindesign121hz512p9    , TERMINATION_REASON_KKT_MATRIX_PASS_LIMIT,           99121,  186.242156423         ,                       100000,  0.025728547          , 879
ger50-17-trans-dfn-3t      , TERMINATION_REASON_OPTIMAL              ,           80520,   21.453813346         ,                        80688,  0.005523427          , 168
graph40-80-1rand           , TERMINATION_REASON_OPTIMAL              ,             840,   14.778496590000001   ,                          843,  0.189111934          , 3
graph20-80-1rand           , TERMINATION_REASON_OPTIMAL              ,             320,    0.20578896100000002 ,                          322,  0.008384647          , 2
neos-3555904-turama        , TERMINATION_REASON_OPTIMAL              ,            1280,    3.241654004         ,                         1288,  0.030932590000000003 , 8
n3seq24                    , TERMINATION_REASON_OPTIMAL              ,            3520,   21.157168672         ,                         3571,  0.084489915          , 51
sp97ic                     , TERMINATION_REASON_OPTIMAL              ,           23960,    7.874898267000001   ,                        24210,  0.007229326          , 250
tanglegram4                , TERMINATION_REASON_OPTIMAL              ,            2200,    2.773676141         ,                         2203,  0.018259352          , 3
sing326                    , TERMINATION_REASON_KKT_MATRIX_PASS_LIMIT,           99509,   69.968911142         ,                       100000,  0.013045126          , 491
ns2122698                  , TERMINATION_REASON_OPTIMAL              ,           10400,   21.737389811000003   ,                        10405,  0.028660504000000003 , 5
s250r10                    , TERMINATION_REASON_KKT_MATRIX_PASS_LIMIT,           99369,  442.65238284300005    ,                       100000,  0.056928151          , 631
lr2-22dr3-333vc4v17a-t60   , TERMINATION_REASON_KKT_MATRIX_PASS_LIMIT,           99999,  202.41159996300001    ,                       100000,  0.027685110000000002 , 1
fastxgemm-n3r21s3t6        , TERMINATION_REASON_OPTIMAL              ,             560,    1.600667034         ,                          568,  0.032315374          , 8
neos8                      , TERMINATION_REASON_OPTIMAL              ,            2120,    1.3430687030000001  ,                         2137,  0.011865140000000001 , 17
nursesched-sprint-late03   , TERMINATION_REASON_OPTIMAL              ,            8240,    1.9953094130000002  ,                         8254,  0.005018159          , 14
neos-4760493-puerua        , TERMINATION_REASON_KKT_MATRIX_PASS_LIMIT,           98716,  105.83350491300001    ,                       100000,  0.017597132          , 1284
neos-738098                , TERMINATION_REASON_OPTIMAL              ,            3720,    0.8992838290000001  ,                         3818,  0.004287659          , 98
rvb-sub                    , TERMINATION_REASON_OPTIMAL              ,           22000,   35.906683709         ,                        22240,  0.025380004          , 240
neos-5044663-wairoa        , TERMINATION_REASON_KKT_MATRIX_PASS_LIMIT,           98561,  124.161108691         ,                       100000,  0.017422195          , 1439
eilA101-2                  , TERMINATION_REASON_OPTIMAL              ,            9840,   20.188210743000003   ,                         9982,  0.031083009          , 142
supportcase40              , TERMINATION_REASON_OPTIMAL              ,            2400,    0.7824900130000001  ,                         2414,  0.005872042          , 14
seqsolve3short4288excess384, TERMINATION_REASON_OPTIMAL              ,           22320,   93.54861924900001    ,                        22358,  0.057031288000000006 , 38
rail507                    , TERMINATION_REASON_OPTIMAL              ,           25000,   23.019712374         ,                        25065,  0.016086397000000002 , 65
rmine11                    , TERMINATION_REASON_OPTIMAL              ,           33120,   25.663848519000005   ,                        33133,  0.01245734           , 13
neos-2629914-sudost        , TERMINATION_REASON_OPTIMAL              ,              80,    0.071304883         ,                           81,  0.007916091          , 1
ex1010-pi                  , TERMINATION_REASON_OPTIMAL              ,           33440,   10.938249647000001   ,                        33456,  0.006360258000000001 , 16
supportcase37              , TERMINATION_REASON_OPTIMAL              ,           66040,   39.131810315         ,                        66381,  0.009726970000000001 , 341
satellites3-25             , TERMINATION_REASON_OPTIMAL              ,           56120,   96.984642631         ,                        56189,  0.022712277000000003 , 69
rwth-timetable             , TERMINATION_REASON_KKT_MATRIX_PASS_LIMIT,           99440, 2900.5507457060003     ,                       100000,  0.380623313          , 560
neos-4391920-timok         , TERMINATION_REASON_KKT_MATRIX_PASS_LIMIT,           98999,  223.918348692         ,                       100000,  0.03269876           , 1001
supportcase34              , TERMINATION_REASON_KKT_MATRIX_PASS_LIMIT,           98619,  107.68800062700001    ,                       100000,  0.01856949           , 1381
satellites2-25             , TERMINATION_REASON_OPTIMAL              ,           52320,   26.291592134000002   ,                        52366,  0.00877367           , 46
neos-4360552-sangro        , TERMINATION_REASON_OPTIMAL              ,            1520,    0.831816785         ,                         1541,  0.009223986          , 21
neos-957323                , TERMINATION_REASON_OPTIMAL              ,            6720,    5.816767736         ,                         6799,  0.014004018          , 79
neos-5108386-kalang        , TERMINATION_REASON_OPTIMAL              ,           34160,  499.63422557300004    ,                        34311,  0.178133646          , 151
ivu52                      , TERMINATION_REASON_KKT_MATRIX_PASS_LIMIT,           99761,  505.36776891600005    ,                       100000,  0.075380522          , 239
nw04                       , TERMINATION_REASON_OPTIMAL              ,           10080,   15.440920075000001   ,                        10373,  0.021845561000000003 , 293
neos-5188808-nattai        , TERMINATION_REASON_OPTIMAL              ,             400,    0.153254572         ,                          401,  0.005709058          , 1
s55                        , TERMINATION_REASON_KKT_MATRIX_PASS_LIMIT,           99328,   78.835350555         ,                       100000,  0.012950092000000002 , 672
neos-4805882-barwon        , TERMINATION_REASON_KKT_MATRIX_PASS_LIMIT,           99840,   37.113268038         ,                       100000,  0.007494662000000001 , 160
rocII-5-11                 , TERMINATION_REASON_OPTIMAL              ,            8320,    3.608893696         ,                         8452,  0.008213754          , 132
neos-4647030-tutaki        , TERMINATION_REASON_OPTIMAL              ,            4000,   24.724174486000003   ,                         4115,  0.10244199400000001  , 115
zeil                       , TERMINATION_REASON_KKT_MATRIX_PASS_LIMIT,           99893,  311.051348606         ,                       100000,  0.046855034000000004 , 107
rmatr200-p10               , TERMINATION_REASON_OPTIMAL              ,           16840,    6.708105451000001   ,                        17035,  0.007179142          , 195
ds                         , TERMINATION_REASON_OPTIMAL              ,           82880,  158.25707022900002    ,                        83044,  0.029775518          , 164
scpm1                      , TERMINATION_REASON_OPTIMAL              ,           81087, 1866.3150031370003     ,                        81112,  0.291763783          , 25
dws012-02                  , TERMINATION_REASON_OPTIMAL              ,             400,    0.22434032900000003 ,                          401,  0.010019192000000001 , 1
ns1828997                  , TERMINATION_REASON_OPTIMAL              ,             100,    0.129029801         ,                          102,  0.011583283000000002 , 2
academictimetablesmall     , TERMINATION_REASON_OPTIMAL              ,            2240,    1.0506894340000001  ,                         2254,  0.008020581          , 14
s100                       , TERMINATION_REASON_KKT_MATRIX_PASS_LIMIT,           98736,  646.648970654         ,                       100000,  0.077546644          , 1264
ns2124243                  , TERMINATION_REASON_OPTIMAL              ,            3880,    8.540774897         ,                         3891,  0.028871986000000002 , 11
neos-5083528-gimone        , TERMINATION_REASON_OPTIMAL              ,             320,    0.33112452400000003 ,                          330,  0.012018313000000001 , 10
neos-1171448               , TERMINATION_REASON_OPTIMAL              ,             320,    0.07395968          ,                          340,  0.0035295350000000003, 20
square31                   , TERMINATION_REASON_OPTIMAL              ,           36160,  219.585260166         ,                        36886,  0.100318115          , 726
neos-4532248-waihi         , TERMINATION_REASON_OPTIMAL              ,            3560,    8.308339071         ,                         3620,  0.029199930000000002 , 60
adult-max5features         , TERMINATION_REASON_OPTIMAL              ,           61480,   51.06674821          ,                        61593,  0.013659984          , 113
neos-3372571-onahau        , TERMINATION_REASON_OPTIMAL              ,           47320,   12.329194325         ,                        47364,  0.005248402          , 44
triptim8                   , TERMINATION_REASON_KKT_MATRIX_PASS_LIMIT,           99408,   72.99236764800001    ,                       100000,  0.012717652000000001 , 592
n3div36                    , TERMINATION_REASON_OPTIMAL              ,            1480,    0.677866688         ,                         1508,  0.008651141000000001 , 28
fhnw-binschedule1          , TERMINATION_REASON_KKT_MATRIX_PASS_LIMIT,           99733, 3610.014713981         ,                       100000,  0.438013613          , 267
square37                   , TERMINATION_REASON_OPTIMAL              ,           97840, 1362.744800982         ,                        98923,  0.23786315500000002  , 1083
supportcase19              , TERMINATION_REASON_KKT_MATRIX_PASS_LIMIT,           99706, 1846.544134289         ,                       100000,  0.20906750600000001  , 294
tpl-tub-ss16               , TERMINATION_REASON_OPTIMAL              ,           78400, 2254.020848044         ,                        78933,  0.3469106            , 533
tpl-tub-ws1617             , TERMINATION_REASON_KKT_MATRIX_PASS_LIMIT,           99784, 3706.045028669         ,                       100000,  0.46029276500000005  , 216
