instance                   , termination_reason                      , iteration_count, solve_time_sec          , cumulative_kkt_matrix_passes, preprocessing_time_sec, cumulative_rejected_steps
ger50-17-trans-pop-3t      , TERMINATION_REASON_OPTIMAL              ,           99680,   31.484352672          ,                        99690,  0.005266346000000001 ,                        10
bab3                       , TERMINATION_REASON_KKT_MATRIX_PASS_LIMIT,           99861,  992.6194752380001      ,                       100000,  0.10274026400000001  ,                       139
opm2-z10-s4                , TERMINATION_REASON_OPTIMAL              ,            9840,   17.155539526000002    ,                         9867,  0.015521649          ,                        27
gmut-75-50                 , TERMINATION_REASON_KKT_MATRIX_PASS_LIMIT,           99549,  141.953912733          ,                       100000,  0.017503605000000002 ,                       451
iis-hc-cov                 , TERMINATION_REASON_OPTIMAL              ,            4520,    0.84202221           ,                         4545,  0.003715822          ,                        25
uccase7                    , TERMINATION_REASON_OPTIMAL              ,           48440,   41.30370022           ,                        48443,  0.010945264000000001 ,                         3
supportcase10              , TERMINATION_REASON_OPTIMAL              ,           20960,   44.05480648           ,                        21160,  0.021148632          ,                       200
neos-3402294-bobin         , TERMINATION_REASON_OPTIMAL              ,             360,    3.5301961570000002   ,                          361,  0.079248227          ,                         1
graphdraw-grafo2           , TERMINATION_REASON_OPTIMAL              ,             600,    1.5740891080000001   ,                          607,  0.022943895000000002 ,                         7
buildingenergy             , TERMINATION_REASON_KKT_MATRIX_PASS_LIMIT,           98919,  496.3381616980001      ,                       100000,  0.038381983          ,                      1081
wnq-n100-mw99-14           , TERMINATION_REASON_OPTIMAL              ,            3520,   33.807707966          ,                         3594,  0.080228741          ,                        74
neos-5114902-kasavu        , TERMINATION_REASON_OPTIMAL              ,             800,   20.751750606          ,                          819,  0.181328067          ,                        19
neos-876808                , TERMINATION_REASON_OPTIMAL              ,           11120,   27.889874456          ,                        11245,  0.023901456          ,                       125
mushroom-best              , TERMINATION_REASON_OPTIMAL              ,            5880,    1.637767216          ,                         5981,  0.0051579320000000005,                       101
scpk4                      , TERMINATION_REASON_OPTIMAL              ,           21080,   66.490863345          ,                        21091,  0.036852289          ,                        11
triptim7                   , TERMINATION_REASON_KKT_MATRIX_PASS_LIMIT,           99508,   85.42565548700001     ,                       100000,  0.012398574          ,                       492
mzzv11                     , TERMINATION_REASON_KKT_MATRIX_PASS_LIMIT,           99785,   30.885785135          ,                       100000,  0.004357724          ,                       215
circ10-3                   , TERMINATION_REASON_OPTIMAL              ,             800,    0.444655418          ,                          811,  0.007980327          ,                        11
piperout-d20               , TERMINATION_REASON_KKT_MATRIX_PASS_LIMIT,           99990,   35.907023643          ,                       100000,  0.0050729780000000006,                        10
neos-3354841-apure         , TERMINATION_REASON_OPTIMAL              ,            6960,   67.11847406400001     ,                         7085,  0.13992569500000002  ,                       125
neos-5189128-totara        , TERMINATION_REASON_OPTIMAL              ,            8920,   30.338328012          ,                         8950,  0.036550029000000005 ,                        30
sp98ic                     , TERMINATION_REASON_OPTIMAL              ,           26780,    9.224261604          ,                        27149,  0.007423353000000001 ,                       369
neos-3695882-vesdre        , TERMINATION_REASON_OPTIMAL              ,             680,    1.721267797          ,                          685,  0.022443164          ,                         5
in                         , TERMINATION_REASON_OPTIMAL              ,            1440,   87.30388285600002     ,                         1488,  0.371455022          ,                        48
ns930473                   , TERMINATION_REASON_OPTIMAL              ,            1200,    0.36557707500000003  ,                         1201,  0.004241652          ,                         1
bab6                       , TERMINATION_REASON_OPTIMAL              ,           89480,  289.85957234800003     ,                        89631,  0.038379288000000004 ,                       151
physiciansched3-4          , TERMINATION_REASON_KKT_MATRIX_PASS_LIMIT,           99997,  409.931097168          ,                       100000,  0.037434814000000004 ,                         3
satellites2-40             , TERMINATION_REASON_OPTIMAL              ,           54200,   34.665034621000004    ,                        54227,  0.007842935          ,                        27
fastxgemm-n3r22s4t6        , TERMINATION_REASON_OPTIMAL              ,             800,    2.6865982760000002   ,                          803,  0.030724888000000002 ,                         3
neos-5076235-embley        , TERMINATION_REASON_OPTIMAL              ,            1200,    2.9860567990000004   ,                         1214,  0.030252586          ,                        14
triptim2                   , TERMINATION_REASON_KKT_MATRIX_PASS_LIMIT,           99958,   85.720704428          ,                       100000,  0.012357448          ,                        42
sing5                      , TERMINATION_REASON_KKT_MATRIX_PASS_LIMIT,           99859,  270.905619997          ,                       100000,  0.020978068000000002 ,                       141
sing11                     , TERMINATION_REASON_KKT_MATRIX_PASS_LIMIT,           99326,  329.89628809100003     ,                       100000,  0.024295309          ,                       674
neos-5118851-kowhai        , TERMINATION_REASON_OPTIMAL              ,            1200,   26.701926261          ,                         1232,  0.158713983          ,                        32
fhnw-binschedule2          , TERMINATION_REASON_OPTIMAL              ,            6800,    2.536677801          ,                         6834,  0.004655022          ,                        34
nursesched-sprint02        , TERMINATION_REASON_OPTIMAL              ,            1640,    0.45464893100000003  ,                         1668,  0.004792576000000001 ,                        28
neos-4533806-waima         , TERMINATION_REASON_OPTIMAL              ,           84680,  263.581560102          ,                        84795,  0.037745471          ,                       115
neos-848589                , TERMINATION_REASON_OPTIMAL              ,            6240,   52.178232228000006    ,                         6245,  0.05910449500000001  ,                         5
scpl4                      , TERMINATION_REASON_OPTIMAL              ,           53360,  421.54997217500005     ,                        53378,  0.09026513800000001  ,                        18
mzzv42z                    , TERMINATION_REASON_KKT_MATRIX_PASS_LIMIT,           99391,   33.447317065          ,                       100000,  0.004672534          ,                       609
dolom1                     , TERMINATION_REASON_OPTIMAL              ,               0,    0.0055684210000000005,                            0,  0.0053204770000000005,                         0
gfd-schedulen180f7d50m30k18, TERMINATION_REASON_OPTIMAL              ,            7080,   61.65423954           ,                         7085,  0.065419901          ,                         5
neos-5123665-limmat        , TERMINATION_REASON_KKT_MATRIX_PASS_LIMIT,           99998, 2204.310990276          ,                       100000,  0.17034063800000002  ,                         2
gmut-76-40                 , TERMINATION_REASON_KKT_MATRIX_PASS_LIMIT,           99282,   35.222613257          ,                       100000,  0.004985614          ,                       718
woodlands09                , TERMINATION_REASON_OPTIMAL              ,            5160,   56.475709925000004    ,                         5165,  0.09450045400000001  ,                         5
square23                   , TERMINATION_REASON_OPTIMAL              ,           25200,   33.939081781          ,                        25505,  0.023160808          ,                       305
neos-3209462-rhin          , TERMINATION_REASON_OPTIMAL              ,             760,    1.9162051690000002   ,                          767,  0.019403281          ,                         7
n2seq36q                   , TERMINATION_REASON_OPTIMAL              ,            1800,    0.728283817          ,                         1811,  0.005120099          ,                        11
fhnw-schedule-pairb400     , TERMINATION_REASON_OPTIMAL              ,            1760,   13.142412633000001    ,                         1783,  0.057258289000000004 ,                        23
leo1                       , TERMINATION_REASON_PRIMAL_INFEASIBLE    ,              40,    0.015589590000000002 ,                           46,  0.0034155220000000003,                         6
shs1023                    , TERMINATION_REASON_KKT_MATRIX_PASS_LIMIT,           99609,  785.6401932420001      ,                       100000,  0.054879796          ,                       391
unitcal_7                  , TERMINATION_REASON_KKT_MATRIX_PASS_LIMIT,           99997,   53.666467227000005    ,                       100000,  0.0060090180000000005,                         3
neos-3237086-abava         , TERMINATION_REASON_OPTIMAL              ,             200,    0.292000763          ,                          204,  0.01032443           ,                         4
cmflsp40-36-2-10           , TERMINATION_REASON_OPTIMAL              ,           25720,   14.736291128000001    ,                        25777,  0.009401083000000001 ,                        57
satellites2-60-fs          , TERMINATION_REASON_OPTIMAL              ,           47080,   21.616327569          ,                        47104,  0.004914508000000001 ,                        24
30n20b8                    , TERMINATION_REASON_KKT_MATRIX_PASS_LIMIT,           99998,   21.027874203000003    ,                       100000,  0.0033129870000000003,                         2
rmine25                    , TERMINATION_REASON_KKT_MATRIX_PASS_LIMIT,           99992, 5960.239110177001       ,                       100000,  0.37647426500000003  ,                         8
neos-3322547-alsek         , TERMINATION_REASON_OPTIMAL              ,            5200,   85.497121015          ,                         5251,  0.11086683700000001  ,                        51
dc1l                       , TERMINATION_REASON_OPTIMAL              ,           84480,   70.834509144          ,                        84886,  0.012786455          ,                       406
ns1644855                  , TERMINATION_REASON_OPTIMAL              ,           25920,   98.46442388300001     ,                        26432,  0.054636671000000005 ,                       512
academictimetablebig       , TERMINATION_REASON_OPTIMAL              ,            3240,   18.626547263          ,                         3263,  0.051962680000000004 ,                        23
sorrell3                   , TERMINATION_REASON_OPTIMAL              ,             132,    0.527642103          ,                          135,  0.015615344000000001 ,                         3
map14860-20                , TERMINATION_REASON_KKT_MATRIX_PASS_LIMIT,           98999,  609.697366449          ,                       100000,  0.04735475           ,                      1001
d20200                     , TERMINATION_REASON_KKT_MATRIX_PASS_LIMIT,           98773,   19.872164838          ,                       100000,  0.004455207          ,                      1227
supportcase43              , TERMINATION_REASON_OPTIMAL              ,             720,    5.2901188900000005   ,                          721,  0.046243996          ,                         1
core4872-1529              , TERMINATION_REASON_OPTIMAL              ,               0,    0.007644965          ,                            0,  0.0072896            ,                         0
neos-5118834-korana        , TERMINATION_REASON_OPTIMAL              ,           51360,  795.466857739          ,                        51361,  0.120157332          ,                         1
neos-780889                , TERMINATION_REASON_OPTIMAL              ,            2560,    8.208096743999999    ,                         2562,  0.024281996          ,                         2
supportcase7               , TERMINATION_REASON_KKT_MATRIX_PASS_LIMIT,           99934,  579.6947502360001      ,                       100000,  0.077727425          ,                        66
v150d30-2hopcds            , TERMINATION_REASON_OPTIMAL              ,            4760,    0.8451339050000001   ,                         4769,  0.003119039          ,                         9
graph40-40-1rand           , TERMINATION_REASON_OPTIMAL              ,             680,    4.8747268539999995   ,                          684,  0.051248144          ,                         4
neos-932721                , TERMINATION_REASON_OPTIMAL              ,             840,    0.33408623900000006  ,                          844,  0.004054865          ,                         4
supportcase42              , TERMINATION_REASON_KKT_MATRIX_PASS_LIMIT,           99964,   62.781578870000004    ,                       100000,  0.010602538          ,                        36
nj3                        , TERMINATION_REASON_OPTIMAL              ,            3480,    7.774405719000001    ,                         3485,  0.017761871000000002 ,                         5
neos-957143                , TERMINATION_REASON_OPTIMAL              ,             960,    1.097498893          ,                          966,  0.013427227000000002 ,                         6
radiationm40-10-02         , TERMINATION_REASON_KKT_MATRIX_PASS_LIMIT,           99999,  381.32387040000003     ,                       100000,  0.025667209000000003 ,                         1
ns1456591                  , TERMINATION_REASON_OPTIMAL              ,            6360,    1.4801196            ,                         6457,  0.004346114          ,                        97
neos-3437289-erdre         , TERMINATION_REASON_OPTIMAL              ,               0,    0.0038441600000000005,                            0,  0.0036416060000000004,                         0
neos-662469                , TERMINATION_REASON_OPTIMAL              ,           12760,    3.900287887          ,                        12847,  0.005230684          ,                        87
cmflsp60-36-2-6            , TERMINATION_REASON_OPTIMAL              ,           13920,   14.514236578          ,                        13993,  0.014707909000000002 ,                        73
chromaticindex1024-7       , TERMINATION_REASON_OPTIMAL              ,             520,    1.054319948          ,                          523,  0.012770705          ,                         3
neos-5049753-cuanza        , TERMINATION_REASON_OPTIMAL              ,             560,    4.602867928          ,                          571,  0.060156922          ,                        11
neos-1593097               , TERMINATION_REASON_OPTIMAL              ,            1360,    0.337306871          ,                         1364,  0.0032263110000000004,                         4
ns1116954                  , TERMINATION_REASON_OPTIMAL              ,             320,    0.576475499          ,                          336,  0.014490033000000001 ,                        16
allcolor58                 , TERMINATION_REASON_OPTIMAL              ,             520,    1.872839477          ,                          521,  0.023335524          ,                         1
opm2-z8-s0                 , TERMINATION_REASON_OPTIMAL              ,            6699,    3.845849047          ,                         6749,  0.0063875600000000005,                        50
uccase9                    , TERMINATION_REASON_OPTIMAL              ,           76800,   65.081969767          ,                        76816,  0.010849022          ,                        16
neos-5129192-manaia        , TERMINATION_REASON_OPTIMAL              ,             880,    9.471490599000001    ,                          882,  0.07422482600000001  ,                         2
nj1                        , TERMINATION_REASON_OPTIMAL              ,            1240,    2.36606279           ,                         1244,  0.014706643          ,                         4
irish-electricity          , TERMINATION_REASON_KKT_MATRIX_PASS_LIMIT,           99704,  201.63487337100003     ,                       100000,  0.019579251000000002 ,                       296
neos-5221106-oparau        , TERMINATION_REASON_OPTIMAL              ,             680,    0.364457774          ,                          684,  0.006604392000000001 ,                         4
fast0507                   , TERMINATION_REASON_OPTIMAL              ,           21280,   22.171138037000002    ,                        21309,  0.013837499000000001 ,                        29
shs1014                    , TERMINATION_REASON_KKT_MATRIX_PASS_LIMIT,           99552,  775.7922534740001      ,                       100000,  0.054739139000000006 ,                       448
map18                      , TERMINATION_REASON_KKT_MATRIX_PASS_LIMIT,           98830,  603.361685708          ,                       100000,  0.047073065000000004 ,                      1170
sorrell7                   , TERMINATION_REASON_OPTIMAL              ,             100,    0.171748413          ,                          102,  0.00692579           ,                         2
atlanta-ip                 , TERMINATION_REASON_OPTIMAL              ,           60880,   50.712836203          ,                        61565,  0.010099089          ,                       685
van                        , TERMINATION_REASON_OPTIMAL              ,           61280,   43.06769200000001     ,                        61284,  0.011094075          ,                         4
neos-913984                , TERMINATION_REASON_OPTIMAL              ,             120,    0.192994671          ,                          125,  0.007415981          ,                         5
ns1690781                  , TERMINATION_REASON_OPTIMAL              ,           51040,   14.954211468000002    ,                        51679,  0.005522254000000001 ,                       639
neos-4292145-piako         , TERMINATION_REASON_OPTIMAL              ,           80200,   65.320162679          ,                        80213,  0.008344233000000001 ,                        13
map16715-04                , TERMINATION_REASON_KKT_MATRIX_PASS_LIMIT,           98822,  603.9130832210001      ,                       100000,  0.047250974          ,                      1178
cdc7-4-3-2                 , TERMINATION_REASON_OPTIMAL              ,              80,    0.052637245000000006 ,                           82,  0.005622753          ,                         2
neos-960392                , TERMINATION_REASON_OPTIMAL              ,            4520,    2.924030974          ,                         4566,  0.007031744          ,                        46
neos-4322846-ryton         , TERMINATION_REASON_OPTIMAL              ,            2240,    6.323208527          ,                         2289,  0.02006667           ,                        49
opm2-z12-s8                , TERMINATION_REASON_OPTIMAL              ,           60640,  237.47934271900002     ,                        60688,  0.033193097000000005 ,                        48
neos-948346                , TERMINATION_REASON_OPTIMAL              ,            2080,    2.50199359           ,                         2130,  0.015382335          ,                        50
neos-1122047               , TERMINATION_REASON_OPTIMAL              ,           10360,    4.835891322000001    ,                        10465,  0.006090258          ,                       105
dws012-03                  , TERMINATION_REASON_OPTIMAL              ,             520,    0.690628005          ,                          521,  0.012846641          ,                         1
neos-2746589-doon          , TERMINATION_REASON_OPTIMAL              ,           27640,   21.199116294          ,                        27646,  0.009514244          ,                         6
triptim1                   , TERMINATION_REASON_KKT_MATRIX_PASS_LIMIT,           99969,   90.586573659          ,                       100000,  0.012487137          ,                        31
map10                      , TERMINATION_REASON_KKT_MATRIX_PASS_LIMIT,           98712,  605.2453127110001      ,                       100000,  0.047104189000000005 ,                      1288
ns1631475                  , TERMINATION_REASON_KKT_MATRIX_PASS_LIMIT,           99894,   41.593631763000005    ,                       100000,  0.004646145          ,                       106
neos-4555749-wards         , TERMINATION_REASON_OPTIMAL              ,           58360,  181.259187352          ,                        58478,  0.038131521          ,                       118
neos-827175                , TERMINATION_REASON_OPTIMAL              ,           13600,    5.219753972          ,                        13610,  0.004506722          ,                        10
rmine13                    , TERMINATION_REASON_OPTIMAL              ,           13600,   31.517625266          ,                        13650,  0.020263723          ,                        50
neos-5223573-tarwin        , TERMINATION_REASON_OPTIMAL              ,             560,    6.0364353920000005   ,                          560,  0.086421491          ,                         0
thor50dday                 , TERMINATION_REASON_OPTIMAL              ,            3560,    5.242076509          ,                         3639,  0.012243802000000002 ,                        79
dc1c                       , TERMINATION_REASON_OPTIMAL              ,               0,    0.0035814340000000005,                            0,  0.0034390640000000004,                         0
neos-787933                , TERMINATION_REASON_OPTIMAL              ,            1360,    4.602441842          ,                         1376,  0.022282914          ,                        16
rail01                     , TERMINATION_REASON_KKT_MATRIX_PASS_LIMIT,           99491,  213.360608783          ,                       100000,  0.02540656           ,                       509
neos-4260495-otere         , TERMINATION_REASON_OPTIMAL              ,           14880,   76.632991022          ,                        14899,  0.039177149          ,                        19
neos-4954274-beardy        , TERMINATION_REASON_OPTIMAL              ,            4880,    1.4295404210000002   ,                         4890,  0.004303825          ,                        10
fhnw-schedule-paira200     , TERMINATION_REASON_OPTIMAL              ,            1100,    0.501272457          ,                         1134,  0.005399339          ,                        34
neos-498623                , TERMINATION_REASON_OPTIMAL              ,            2480,    0.5431604830000001   ,                         2566,  0.0034755370000000003,                        86
t1717                      , TERMINATION_REASON_KKT_MATRIX_PASS_LIMIT,           99969,  123.52362775200001     ,                       100000,  0.015228884000000002 ,                        31
neos-4972437-bojana        , TERMINATION_REASON_OPTIMAL              ,           17720,  161.788068578          ,                        17747,  0.074205006          ,                        27
neos-4647027-thurso        , TERMINATION_REASON_OPTIMAL              ,            1680,   10.329424701          ,                         1724,  0.10556887200000001  ,                        44
cmflsp40-24-10-7           , TERMINATION_REASON_OPTIMAL              ,            7880,    1.57793227           ,                         7932,  0.003321529          ,                        52
neos-4321076-ruwer         , TERMINATION_REASON_OPTIMAL              ,            3760,   41.644341268000005    ,                         3855,  0.074698185          ,                        95
neos-956971                , TERMINATION_REASON_OPTIMAL              ,             600,    0.7007980170000001   ,                          601,  0.013256821          ,                         1
datt256                    , TERMINATION_REASON_OPTIMAL              ,            1160,    7.081616986          ,                         1163,  0.053119209          ,                         3
ns1905797                  , TERMINATION_REASON_OPTIMAL              ,            3160,    1.8923869210000002   ,                         3163,  0.007960117000000001 ,                         3
ns1904248                  , TERMINATION_REASON_OPTIMAL              ,              80,    0.24361627300000002  ,                           81,  0.016052972000000002 ,                         1
z26                        , TERMINATION_REASON_OPTIMAL              ,             520,    7.452282105          ,                          524,  0.100250473          ,                         4
neos6                      , TERMINATION_REASON_OPTIMAL              ,            3320,    1.092534076          ,                         3360,  0.006099277          ,                        40
pb-fit2d                   , TERMINATION_REASON_OPTIMAL              ,           20360,   76.23537633400001     ,                        20393,  0.045530036          ,                        33
fastxgemm-n3r23s5t6        , TERMINATION_REASON_OPTIMAL              ,             760,    2.7890850520000003   ,                          764,  0.032180243000000004 ,                         4
sp97ar                     , TERMINATION_REASON_KKT_MATRIX_PASS_LIMIT,           99970,   35.526371189          ,                       100000,  0.006853686          ,                        30
neos-578379                , TERMINATION_REASON_OPTIMAL              ,            2520,    0.757786007          ,                         2522,  0.0038841810000000004,                         2
satellites4-25             , TERMINATION_REASON_OPTIMAL              ,           60800,  154.16960817900002     ,                        60828,  0.025749956          ,                        28
rail02                     , TERMINATION_REASON_KKT_MATRIX_PASS_LIMIT,           99706,  514.593361628          ,                       100000,  0.037927801000000004 ,                       294
dws012-01                  , TERMINATION_REASON_OPTIMAL              ,             520,    0.312247544          ,                          521,  0.004498833000000001 ,                         1
neos-5196530-nuhaka        , TERMINATION_REASON_OPTIMAL              ,             320,    0.209206635          ,                          321,  0.005831801          ,                         1
neos-941313                , TERMINATION_REASON_OPTIMAL              ,            8600,   21.150445344          ,                         8604,  0.020509248          ,                         4
ds-big                     , TERMINATION_REASON_KKT_MATRIX_PASS_LIMIT,           99251, 1007.5216904870001      ,                       100000,  0.132737334          ,                       749
seqsolve2short4288         , TERMINATION_REASON_OPTIMAL              ,            3200,   21.020619391          ,                         3253,  0.048729502          ,                        53
neos-4724674-aorere        , TERMINATION_REASON_OPTIMAL              ,           33800,   78.078130766          ,                        33801,  0.018615992          ,                         1
bab5                       , TERMINATION_REASON_OPTIMAL              ,            9880,    3.016392021          ,                         9912,  0.004541537          ,                        32
neos-826224                , TERMINATION_REASON_OPTIMAL              ,           28160,   13.731139105          ,                        28188,  0.005442805          ,                        28
leo2                       , TERMINATION_REASON_PRIMAL_INFEASIBLE    ,              40,    0.024609382000000003 ,                           46,  0.005333391000000001 ,                         6
bppc6-02                   , TERMINATION_REASON_OPTIMAL              ,            5280,    1.050787743          ,                         5298,  0.004226191000000001 ,                        18
neos-4722843-widden        , TERMINATION_REASON_OPTIMAL              ,           15040,   26.855085521000003    ,                        15077,  0.015129922          ,                        37
nj2                        , TERMINATION_REASON_OPTIMAL              ,            3240,    6.975072493          ,                         3244,  0.017393863000000002 ,                         4
neos-5102383-irwell        , TERMINATION_REASON_OPTIMAL              ,            1240,    3.43317673           ,                         1251,  0.033656095000000004 ,                        11
physiciansched6-1          , TERMINATION_REASON_KKT_MATRIX_PASS_LIMIT,           98784,  333.047404123          ,                       100000,  0.026406153          ,                      1216
neos-933966                , TERMINATION_REASON_OPTIMAL              ,             840,    0.397584525          ,                          844,  0.0054232970000000005,                         4
supportcase41              , TERMINATION_REASON_OPTIMAL              ,            2423,    0.895099601          ,                         2443,  0.006156376000000001 ,                        20
adult-regularized          , TERMINATION_REASON_OPTIMAL              ,           11160,   11.499836907          ,                        11316,  0.012623743000000002 ,                       156
nursesched-medium04        , TERMINATION_REASON_OPTIMAL              ,            2400,    2.559841332          ,                         2438,  0.014486875000000001 ,                        38
neos-5106984-jizera        , TERMINATION_REASON_OPTIMAL              ,            1000,   16.740108354          ,                         1019,  0.120927529          ,                        19
rocII-10-11                , TERMINATION_REASON_OPTIMAL              ,           11240,   14.623928224          ,                        11263,  0.016437297          ,                        23
nsr8k                      , TERMINATION_REASON_OPTIMAL              ,               0,    0.012437731          ,                            0,  0.011898701000000001 ,                         0
ns1849932                  , TERMINATION_REASON_OPTIMAL              ,            2160,    7.618153521000001    ,                         2167,  0.030893058          ,                         7
neos-2987310-joes          , TERMINATION_REASON_KKT_MATRIX_PASS_LIMIT,           98434,  102.217831113          ,                       100000,  0.013911303000000002 ,                      1566
ns1111636                  , TERMINATION_REASON_OPTIMAL              ,            2280,   11.363589204000002    ,                         2289,  0.033962259          ,                         9
cmflsp50-24-8-8            , TERMINATION_REASON_OPTIMAL              ,            5880,    1.5133828520000001   ,                         5948,  0.0041288520000000006,                        68
neos-4797081-pakoka        , TERMINATION_REASON_OPTIMAL              ,           21440,   12.195192983          ,                        21543,  0.010251824000000001 ,                       103
fhnw-schedule-paira400     , TERMINATION_REASON_OPTIMAL              ,            1440,    4.075512136          ,                         1502,  0.0219511            ,                        62
graphdraw-opmanager        , TERMINATION_REASON_OPTIMAL              ,             600,    0.42267503500000003  ,                          607,  0.007897225          ,                         7
graph40-20-1rand           , TERMINATION_REASON_OPTIMAL              ,             280,    0.452729804          ,                          282,  0.012072512          ,                         2
supportcase39              , TERMINATION_REASON_OPTIMAL              ,            8320,    3.6081534790000003   ,                         8477,  0.008709847          ,                       157
ns1760995                  , TERMINATION_REASON_KKT_MATRIX_PASS_LIMIT,           98987,  801.8861322030001      ,                       100000,  0.075882535          ,                      1013
tbfp-network               , TERMINATION_REASON_OPTIMAL              ,            7560,    5.779726238          ,                         7637,  0.008095955          ,                        77
physiciansched5-3          , TERMINATION_REASON_KKT_MATRIX_PASS_LIMIT,           98356,   40.311732117000005    ,                       100000,  0.0056356950000000005,                      1644
neos-5100895-inster        , TERMINATION_REASON_OPTIMAL              ,            1800,    2.548820752          ,                         1819,  0.017847719          ,                        19
k1mushroom                 , TERMINATION_REASON_OPTIMAL              ,            3920,   10.969018753000002    ,                         4064,  0.043456666000000005 ,                       144
splice1k1                  , TERMINATION_REASON_OPTIMAL              ,           24440,   65.22558203400001     ,                        24574,  0.045826398000000004 ,                       134
sorrell4                   , TERMINATION_REASON_OPTIMAL              ,             120,    1.585962883          ,                          122,  0.057989361          ,                         2
supportcase33              , TERMINATION_REASON_OPTIMAL              ,            3000,    1.3936101020000002   ,                         3030,  0.006379351          ,                        30
bab1                       , TERMINATION_REASON_OPTIMAL              ,            3800,    8.493813509          ,                         3838,  0.025771955000000003 ,                        38
shs1042                    , TERMINATION_REASON_KKT_MATRIX_PASS_LIMIT,           99782,  824.772501829          ,                       100000,  0.05685848           ,                       218
ex9                        , TERMINATION_REASON_OPTIMAL              ,             480,    0.5275917440000001   ,                          483,  0.01269485           ,                         3
cryptanalysiskb128n5obj16  , TERMINATION_REASON_OPTIMAL              ,            1240,    2.005590802          ,                         1246,  0.013235966          ,                         6
neos-3025225-shelon        , TERMINATION_REASON_OPTIMAL              ,           10440,  155.35359257000002     ,                        10515,  0.23453300800000002  ,                        75
fiball                     , TERMINATION_REASON_OPTIMAL              ,            1320,    0.5713470810000001   ,                         1330,  0.00423715           ,                        10
nsrand-ipx                 , TERMINATION_REASON_OPTIMAL              ,            4520,    1.078620677          ,                         4612,  0.005084404000000001 ,                        92
neos-4972461-bolong        , TERMINATION_REASON_OPTIMAL              ,           98640,  728.582884271          ,                        98642,  0.062333848000000004 ,                         2
bppc6-06                   , TERMINATION_REASON_OPTIMAL              ,           12240,    2.3256779940000003   ,                        12262,  0.004213715000000001 ,                        22
blp-ic98                   , TERMINATION_REASON_OPTIMAL              ,            6960,    1.7645586130000002   ,                         7026,  0.004757501          ,                        66
netdiversion               , TERMINATION_REASON_OPTIMAL              ,           14040,   44.06573384400001     ,                        14048,  0.024320467000000002 ,                         8
sct5                       , TERMINATION_REASON_OPTIMAL              ,           33640,   16.112555111000002    ,                        33659,  0.006228786          ,                        19
supportcase2               , TERMINATION_REASON_OPTIMAL              ,             320,    6.371326456          ,                          327,  0.22069343100000002  ,                         7
physiciansched6-2          , TERMINATION_REASON_KKT_MATRIX_PASS_LIMIT,           98482,  305.26635992700005     ,                       100000,  0.023755391          ,                      1518
core2536-691               , TERMINATION_REASON_OPTIMAL              ,               0,    0.005343519000000001 ,                            0,  0.005097723          ,                         0
sct1                       , TERMINATION_REASON_KKT_MATRIX_PASS_LIMIT,           99941,   33.944909761000005    ,                       100000,  0.00455307           ,                        59
sing17                     , TERMINATION_REASON_KKT_MATRIX_PASS_LIMIT,           99680,  976.4755135270001      ,                       100000,  0.06545492600000001  ,                       320
ns1830653                  , TERMINATION_REASON_OPTIMAL              ,            3280,    0.351502847          ,                         3287,  0.002161774          ,                         7
neos-953928                , TERMINATION_REASON_OPTIMAL              ,            1000,    0.397079194          ,                         1004,  0.005178434          ,                         4
neos-4409277-trave         , TERMINATION_REASON_OPTIMAL              ,            1040,    0.35639582100000006  ,                         1048,  0.004823053          ,                         8
neos-5013590-toitoi        , TERMINATION_REASON_KKT_MATRIX_PASS_LIMIT,           98889,   60.816872061          ,                       100000,  0.006855509          ,                      1111
physiciansched3-3          , TERMINATION_REASON_KKT_MATRIX_PASS_LIMIT,           99418,  450.494270486          ,                       100000,  0.04246587           ,                       582
neos-1367061               , TERMINATION_REASON_OPTIMAL              ,           30000,   34.036364407          ,                        30080,  0.011206220000000001 ,                        80
proteindesign121pgb11p9    , TERMINATION_REASON_KKT_MATRIX_PASS_LIMIT,           99988,  206.355436751          ,                       100000,  0.018898830000000002 ,                        12
neos-4295773-pissa         , TERMINATION_REASON_OPTIMAL              ,            1040,    3.65661572           ,                         1045,  0.025674681          ,                         5
sct32                      , TERMINATION_REASON_KKT_MATRIX_PASS_LIMIT,           99018,   18.955051575          ,                       100000,  0.0032822140000000003,                       982
supportcase23              , TERMINATION_REASON_OPTIMAL              ,            1800,    1.0866147860000002   ,                         1803,  0.0062750620000000005,                         3
savsched1                  , TERMINATION_REASON_OPTIMAL              ,            1440,   16.489990125000002    ,                         1462,  0.086157778          ,                        22
blp-ic97                   , TERMINATION_REASON_OPTIMAL              ,            7080,    1.2023201770000003   ,                         7093,  0.003177436          ,                        13
neos-4763324-toguru        , TERMINATION_REASON_KKT_MATRIX_PASS_LIMIT,           98578,  147.220323723          ,                       100000,  0.013540622          ,                      1422
ivu06                      , TERMINATION_REASON_KKT_MATRIX_PASS_LIMIT,           98815, 2862.4669807490004      ,                       100000,  0.308976998          ,                      1185
gmut-76-50                 , TERMINATION_REASON_KKT_MATRIX_PASS_LIMIT,           99281,  123.44371268799999     ,                       100000,  0.014723795000000001 ,                       719
fhnw-binschedule0          , TERMINATION_REASON_KKT_MATRIX_PASS_LIMIT,           99925,  624.858488594          ,                       100000,  0.054847896          ,                        75
neos9                      , TERMINATION_REASON_OPTIMAL              ,            1080,    1.2393608800000002   ,                         1084,  0.010276702          ,                         4
neos-2669500-cust          , TERMINATION_REASON_OPTIMAL              ,           27920,   76.6680123            ,                        27927,  0.024778899          ,                         7
vpphard2                   , TERMINATION_REASON_OPTIMAL              ,            1080,    5.278147469          ,                         1086,  0.034858723          ,                         6
vpphard                    , TERMINATION_REASON_OPTIMAL              ,            1400,    1.614362663          ,                         1401,  0.012311052000000001 ,                         1
eilC76-2                   , TERMINATION_REASON_OPTIMAL              ,           19120,   12.823161673000001    ,                        19256,  0.010069482000000001 ,                       136
map06                      , TERMINATION_REASON_KKT_MATRIX_PASS_LIMIT,           98960,  607.793747159          ,                       100000,  0.046868683          ,                      1040
stp3d                      , TERMINATION_REASON_OPTIMAL              ,           75640,  351.916818351          ,                        75662,  0.035635163000000004 ,                        22
neos-4976951-bunnoo        , TERMINATION_REASON_OPTIMAL              ,           46280,  426.23389376800003     ,                        46282,  0.076048212          ,                         2
nursesched-sprint-hidden09 , TERMINATION_REASON_OPTIMAL              ,            2880,    0.804154447          ,                         2887,  0.005003347          ,                         7
neos-885524                , TERMINATION_REASON_OPTIMAL              ,             200,    0.295168584          ,                          205,  0.011599817          ,                         5
neos-5149806-wieprz        , TERMINATION_REASON_OPTIMAL              ,             920,    1.2516444800000002   ,                          930,  0.014954621000000001 ,                        10
snip10x10-35r1budget17     , TERMINATION_REASON_OPTIMAL              ,             360,    1.294865809          ,                          373,  0.023048790000000003 ,                        13
chromaticindex512-7        , TERMINATION_REASON_OPTIMAL              ,             640,    0.509730962          ,                          644,  0.006280450000000001 ,                         4
core2586-950               , TERMINATION_REASON_OPTIMAL              ,               0,    0.003758346          ,                            0,  0.003574817          ,                         0
neos-5104907-jarama        , TERMINATION_REASON_KKT_MATRIX_PASS_LIMIT,           99999, 1097.1030170020001      ,                       100000,  0.08761769100000001  ,                         1
neos-872648                , TERMINATION_REASON_KKT_MATRIX_PASS_LIMIT,           99905,  284.617211549          ,                       100000,  0.021050001000000002 ,                        95
neos-4306827-ravan         , TERMINATION_REASON_OPTIMAL              ,           25000,  114.829551612          ,                        25124,  0.035270468          ,                       124
germanrr                   , TERMINATION_REASON_KKT_MATRIX_PASS_LIMIT,           99432,   31.70339819           ,                       100000,  0.005368693          ,                       568
rmatr200-p5                , TERMINATION_REASON_OPTIMAL              ,           32800,   17.676375485          ,                        32932,  0.005833934000000001 ,                       132
neos-950242                , TERMINATION_REASON_OPTIMAL              ,             600,    0.202602385          ,                          601,  0.003878738          ,                         1
genus-sym-g62-2            , TERMINATION_REASON_OPTIMAL              ,             120,    0.16885228400000002  ,                          120,  0.009344728          ,                         0
neos-4165869-wannon        , TERMINATION_REASON_KKT_MATRIX_PASS_LIMIT,           99674,   95.118358098          ,                       100000,  0.010821041          ,                       326
core4284-1064              , TERMINATION_REASON_OPTIMAL              ,               0,    0.007424107000000001 ,                            0,  0.0071041030000000005,                         0
eva1aprime6x6opt           , TERMINATION_REASON_OPTIMAL              ,           11080,    3.653541686          ,                        11086,  0.004975681          ,                         6
ns1952667                  , TERMINATION_REASON_OPTIMAL              ,            2880,    1.323786631          ,                         2883,  0.008693178000000001 ,                         3
neos-5041822-cockle        , TERMINATION_REASON_KKT_MATRIX_PASS_LIMIT,           99875,  938.5104221960001      ,                       100000,  0.069704609          ,                       125
neos-4562542-watut         , TERMINATION_REASON_KKT_MATRIX_PASS_LIMIT,           99506,  508.75914570400005     ,                       100000,  0.061062540000000005 ,                       494
ex10                       , TERMINATION_REASON_OPTIMAL              ,             400,    1.154520606          ,                          404,  0.031705299          ,                         4
neos-2978205-isar          , TERMINATION_REASON_OPTIMAL              ,             960,    1.0687803070000002   ,                          963,  0.010060398          ,                         3
neos-3572885-glina         , TERMINATION_REASON_OPTIMAL              ,            3320,    3.5634292200000006   ,                         3328,  0.009523317          ,                         8
neos-5193246-nerang        , TERMINATION_REASON_OPTIMAL              ,             320,    0.21296136000000002  ,                          322,  0.005846175          ,                         2
momentum1                  , TERMINATION_REASON_KKT_MATRIX_PASS_LIMIT,           99514,   34.192932236000004    ,                       100000,  0.0045800910000000005,                       486
triptim4                   , TERMINATION_REASON_KKT_MATRIX_PASS_LIMIT,           99957,   84.156186698          ,                       100000,  0.012369841000000001 ,                        43
neos-4408804-prosna        , TERMINATION_REASON_OPTIMAL              ,           27000,   31.417142787000003    ,                        27247,  0.011617635000000001 ,                       247
neos-1354092               , TERMINATION_REASON_OPTIMAL              ,           19280,    5.347203702000001    ,                        19284,  0.004650057          ,                         4
var-smallemery-m6j6        , TERMINATION_REASON_OPTIMAL              ,           31440,   38.15106410400001     ,                        31464,  0.021645513          ,                        24
neos-4413714-turia         , TERMINATION_REASON_KKT_MATRIX_PASS_LIMIT,           99527,  307.225955952          ,                       100000,  0.028854596000000003 ,                       473
t1722                      , TERMINATION_REASON_OPTIMAL              ,           23360,   11.886523910000001    ,                        23405,  0.006966658000000001 ,                        45
ns1430538                  , TERMINATION_REASON_OPTIMAL              ,           66720,   37.767281234          ,                        66762,  0.00719105           ,                        42
highschool1-aigio          , TERMINATION_REASON_OPTIMAL              ,            1400,   10.360265729          ,                         1402,  0.056588126          ,                         2
neos-873061                , TERMINATION_REASON_OPTIMAL              ,            5560,   16.043630244          ,                         5623,  0.021066485000000003 ,                        63
piperout-d27               , TERMINATION_REASON_KKT_MATRIX_PASS_LIMIT,           99990,   40.456297005          ,                       100000,  0.0058799740000000005,                        10
neos-3352863-ancoa         , TERMINATION_REASON_OPTIMAL              ,           51080,   67.73468855           ,                        51199,  0.022152157000000002 ,                       119
neos-3755335-nizao         , TERMINATION_REASON_OPTIMAL              ,             320,    0.7076570130000001   ,                          330,  0.018365732000000003 ,                        10
shipsched                  , TERMINATION_REASON_OPTIMAL              ,            2960,    1.33457873           ,                         2961,  0.0055682710000000005,                         1
neos-4966258-blicks        , TERMINATION_REASON_OPTIMAL              ,            2520,   14.746917079000001    ,                         2549,  0.045252115          ,                        29
pb-grow22                  , TERMINATION_REASON_KKT_MATRIX_PASS_LIMIT,           99997,   30.654687388000003    ,                       100000,  0.0047379710000000005,                         3
neos-860300                , TERMINATION_REASON_OPTIMAL              ,           10760,    3.9524608580000002   ,                        10786,  0.009082003          ,                        26
brazil3                    , TERMINATION_REASON_OPTIMAL              ,            8680,    3.3453950750000003   ,                         8788,  0.004299993          ,                       108
neos-933638                , TERMINATION_REASON_OPTIMAL              ,            1120,    0.538824234          ,                         1125,  0.005706655000000001 ,                         5
roi2alpha3n4               , TERMINATION_REASON_OPTIMAL              ,            5440,    6.549040521          ,                         5475,  0.022375000000000003 ,                        35
co-100                     , TERMINATION_REASON_OPTIMAL              ,           95960,  322.098520145          ,                        96033,  0.055958183          ,                        73
hgms30                     , TERMINATION_REASON_KKT_MATRIX_PASS_LIMIT,           99977,  364.511918395          ,                       100000,  0.034376978          ,                        23
neos-3634244-kauru         , TERMINATION_REASON_OPTIMAL              ,              80,    1.450761694          ,                           81,  0.097306054          ,                         1
bab2                       , TERMINATION_REASON_OPTIMAL              ,           31120,  155.591257407          ,                        31270,  0.060109353000000004 ,                       150
rmine21                    , TERMINATION_REASON_KKT_MATRIX_PASS_LIMIT,           99992, 2204.803416047          ,                       100000,  0.170167955          ,                         8
lr1dr12vc10v70b-t360       , TERMINATION_REASON_KKT_MATRIX_PASS_LIMIT,           99794,  393.995910239          ,                       100000,  0.028771795000000003 ,                       206
uccase8                    , TERMINATION_REASON_OPTIMAL              ,           14560,   10.944914596          ,                        14594,  0.008995523          ,                        34
rmine15                    , TERMINATION_REASON_OPTIMAL              ,           19640,   95.748802272          ,                        19708,  0.039699348          ,                        68
hgms62                     , TERMINATION_REASON_KKT_MATRIX_PASS_LIMIT,           99983,  855.818031997          ,                       100000,  0.07377323300000001  ,                        17
neos-631710                , TERMINATION_REASON_OPTIMAL              ,           11840,   53.203416415          ,                        11849,  0.036843581          ,                         9
neos-5052403-cygnet        , TERMINATION_REASON_OPTIMAL              ,           23600,  186.073188082          ,                        24008,  0.120606077          ,                       408
neos-3759587-noosa         , TERMINATION_REASON_OPTIMAL              ,             160,    0.20286777300000003  ,                          164,  0.010184506000000001 ,                         4
neos-5195221-niemur        , TERMINATION_REASON_OPTIMAL              ,             320,    0.21305383300000003  ,                          321,  0.005861051          ,                         1
hypothyroid-k1             , TERMINATION_REASON_OPTIMAL              ,            6480,    2.907383401          ,                         6624,  0.009702596          ,                       144
neos-5251015-ogosta        , TERMINATION_REASON_OPTIMAL              ,            4800,   41.111455191000005    ,                         4817,  0.075653343          ,                        17
rocII-8-11                 , TERMINATION_REASON_OPTIMAL              ,            7760,    7.085386121000001    ,                         7767,  0.013037618          ,                         7
neos-3148108-pahi          , TERMINATION_REASON_OPTIMAL              ,               0,    0.01645929           ,                            0,  0.015917940000000002 ,                         0
neos-5273874-yomtsa        , TERMINATION_REASON_OPTIMAL              ,            3760,   31.81080297           ,                         3765,  0.07460610300000001  ,                         5
neos-4359986-taipa         , TERMINATION_REASON_OPTIMAL              ,            1280,    0.8787506370000001   ,                         1284,  0.006111658000000001 ,                         4
blp-ar98                   , TERMINATION_REASON_OPTIMAL              ,           18160,    5.089572457          ,                        18194,  0.00521817           ,                        34
sing44                     , TERMINATION_REASON_KKT_MATRIX_PASS_LIMIT,           99699,  107.45980739500001     ,                       100000,  0.011302387          ,                       301
ci-s4                      , TERMINATION_REASON_KKT_MATRIX_PASS_LIMIT,           99832,   23.812076791          ,                       100000,  0.003809886          ,                       168
neos-525149                , TERMINATION_REASON_OPTIMAL              ,             800,    2.8690728610000003   ,                          818,  0.042831012          ,                        18
neos-824661                , TERMINATION_REASON_OPTIMAL              ,           11760,    6.344346404          ,                        11771,  0.005924644000000001 ,                        11
neos-5266653-tugela        , TERMINATION_REASON_OPTIMAL              ,            1320,    0.561741948          ,                         1347,  0.005598428000000001 ,                        27
neos-4355351-swalm         , TERMINATION_REASON_OPTIMAL              ,            1800,    1.1755727440000001   ,                         1805,  0.009320692          ,                         5
neos-5093327-huahum        , TERMINATION_REASON_OPTIMAL              ,            3600,    6.53537715           ,                         3632,  0.021604426000000003 ,                        32
seqsolve1                  , TERMINATION_REASON_OPTIMAL              ,           10000,   62.281370890000005    ,                        10015,  0.048508862          ,                        15
rd-rplusc-21               , TERMINATION_REASON_OPTIMAL              ,            1760,    3.8286966020000004   ,                         1766,  0.026671925000000003 ,                         6
uccase10                   , TERMINATION_REASON_KKT_MATRIX_PASS_LIMIT,           99938,  375.097162509          ,                       100000,  0.033042332          ,                        62
snp-02-004-104             , TERMINATION_REASON_KKT_MATRIX_PASS_LIMIT,           99997,  430.812921285          ,                       100000,  0.028195758          ,                         3
neos-885086                , TERMINATION_REASON_OPTIMAL              ,             400,    0.14126317800000002  ,                          426,  0.00522786           ,                        26
neos-5116085-kenana        , TERMINATION_REASON_OPTIMAL              ,             760,   13.849915651          ,                          774,  0.12981103700000002  ,                        14
reblock420                 , TERMINATION_REASON_OPTIMAL              ,             720,    0.46068632200000004  ,                          724,  0.006174679000000001 ,                         4
fhnw-schedule-pairb200     , TERMINATION_REASON_OPTIMAL              ,             960,    1.435940533          ,                          977,  0.013006924000000001 ,                        17
neos-5079731-flyers        , TERMINATION_REASON_OPTIMAL              ,            1440,    3.528876586          ,                         1455,  0.029890579          ,                        15
app1-2                     , TERMINATION_REASON_KKT_MATRIX_PASS_LIMIT,           99519,   63.130383733          ,                       100000,  0.007911639          ,                       481
supportcase6               , TERMINATION_REASON_OPTIMAL              ,           31520,   68.142627887          ,                        31839,  0.021100746          ,                       319
roi5alpha10n8              , TERMINATION_REASON_OPTIMAL              ,            2000,   10.30115845           ,                         2033,  0.067569591          ,                        33
lr1dr04vc05v17a-t360       , TERMINATION_REASON_KKT_MATRIX_PASS_LIMIT,           99706,   49.169078294          ,                       100000,  0.005208662          ,                       294
proteindesign122trx11p8    , TERMINATION_REASON_KKT_MATRIX_PASS_LIMIT,           99990,  195.59717298500001     ,                       100000,  0.018259734          ,                        10
ns1856153                  , TERMINATION_REASON_OPTIMAL              ,             120,    0.066838034          ,                          124,  0.004350616          ,                         4
stockholm                  , TERMINATION_REASON_OPTIMAL              ,           39640,   28.239034917          ,                        39645,  0.007486012          ,                         5
neos-4754521-awarau        , TERMINATION_REASON_OPTIMAL              ,            5880,   26.536713963          ,                         5884,  0.046129017          ,                         4
neos-4647032-veleka        , TERMINATION_REASON_OPTIMAL              ,            4320,   28.206378943000004    ,                         4413,  0.107163484          ,                        93
sp98ar                     , TERMINATION_REASON_OPTIMAL              ,           37760,   18.760101367          ,                        37814,  0.009920625          ,                        54
supportcase12              , TERMINATION_REASON_OPTIMAL              ,           15040,  245.47638507000002     ,                        15086,  0.120179881          ,                        46
neos-954925                , TERMINATION_REASON_OPTIMAL              ,             880,    2.006728602          ,                          884,  0.024522351          ,                         4
nursesched-medium-hint03   , TERMINATION_REASON_OPTIMAL              ,            3680,    4.121521174000001    ,                         3711,  0.015242703000000002 ,                        31
uccase12                   , TERMINATION_REASON_KKT_MATRIX_PASS_LIMIT,           99736,  190.672387449          ,                       100000,  0.017103103          ,                       264
dws008-03                  , TERMINATION_REASON_OPTIMAL              ,             560,    0.24025226000000002  ,                          561,  0.005398774          ,                         1
neos-5138690-middle        , TERMINATION_REASON_OPTIMAL              ,           97000, 1813.8868204520002      ,                        97001,  0.144301929          ,                         1
2club200v15p5scn           , TERMINATION_REASON_OPTIMAL              ,            1729,    0.574298318          ,                         1746,  0.026754738          ,                        17
kosova1                    , TERMINATION_REASON_OPTIMAL              ,            2680,   45.697082522          ,                         2688,  0.13135523200000002  ,                         8
scpj4scip                  , TERMINATION_REASON_OPTIMAL              ,           25560,   79.75951564300001     ,                        25578,  0.037368244          ,                        18
neos-4300652-rahue         , TERMINATION_REASON_OPTIMAL              ,             360,    0.368185951          ,                          361,  0.008801940000000001 ,                         1
proteindesign121hz512p9    , TERMINATION_REASON_KKT_MATRIX_PASS_LIMIT,           99982,  248.865157011          ,                       100000,  0.023200324          ,                        18
ger50-17-trans-dfn-3t      , TERMINATION_REASON_KKT_MATRIX_PASS_LIMIT,           99975,   31.880512679000002    ,                       100000,  0.0051891310000000005,                        25
graph40-80-1rand           , TERMINATION_REASON_OPTIMAL              ,             720,   16.159903974000002    ,                          722,  0.16653626400000002  ,                         2
graph20-80-1rand           , TERMINATION_REASON_OPTIMAL              ,             320,    0.233317443          ,                          322,  0.0067121690000000005,                         2
neos-3555904-turama        , TERMINATION_REASON_OPTIMAL              ,            1480,    4.362235854          ,                         1485,  0.028018109000000003 ,                         5
n3seq24                    , TERMINATION_REASON_OPTIMAL              ,            2880,   18.772683233          ,                         2908,  0.08652058           ,                        28
sp97ic                     , TERMINATION_REASON_OPTIMAL              ,           22560,    8.146970305          ,                        22626,  0.007505483          ,                        66
tanglegram4                , TERMINATION_REASON_OPTIMAL              ,            2080,    3.591718343          ,                         2083,  0.014560875000000001 ,                         3
sing326                    , TERMINATION_REASON_KKT_MATRIX_PASS_LIMIT,           99115,   95.88959323300001     ,                       100000,  0.010678459000000001 ,                       885
ns2122698                  , TERMINATION_REASON_OPTIMAL              ,           11280,   34.471938051          ,                        11283,  0.023140601          ,                         3
s250r10                    , TERMINATION_REASON_KKT_MATRIX_PASS_LIMIT,           99536,  568.523926912          ,                       100000,  0.052859154000000005 ,                       464
lr2-22dr3-333vc4v17a-t60   , TERMINATION_REASON_KKT_MATRIX_PASS_LIMIT,           99999,  274.477033509          ,                       100000,  0.021770711          ,                         1
fastxgemm-n3r21s3t6        , TERMINATION_REASON_OPTIMAL              ,            1080,    3.3741326030000005   ,                         1084,  0.028862349000000002 ,                         4
neos8                      , TERMINATION_REASON_OPTIMAL              ,            1960,    1.5202330780000002   ,                         1974,  0.010816084          ,                        14
nursesched-sprint-late03   , TERMINATION_REASON_OPTIMAL              ,            7000,    1.9130588480000001   ,                         7007,  0.005093755          ,                         7
neos-4760493-puerua        , TERMINATION_REASON_KKT_MATRIX_PASS_LIMIT,           98657,  148.65421848100002     ,                       100000,  0.013573313          ,                      1343
neos-738098                , TERMINATION_REASON_OPTIMAL              ,            3520,    1.0020815870000002   ,                         3551,  0.003705191          ,                        31
rvb-sub                    , TERMINATION_REASON_OPTIMAL              ,           20000,   34.960598878          ,                        20237,  0.026312608          ,                       237
neos-5044663-wairoa        , TERMINATION_REASON_KKT_MATRIX_PASS_LIMIT,           98960,  154.454951931          ,                       100000,  0.016042025          ,                      1040
eilA101-2                  , TERMINATION_REASON_OPTIMAL              ,            8200,   19.223416829          ,                         8303,  0.030091153000000002 ,                       103
supportcase40              , TERMINATION_REASON_OPTIMAL              ,            1840,    0.7518432780000001   ,                         1849,  0.004517411000000001 ,                         9
seqsolve3short4288excess384, TERMINATION_REASON_OPTIMAL              ,           25160,  142.85610893           ,                        25168,  0.048992105          ,                         8
rail507                    , TERMINATION_REASON_OPTIMAL              ,           20760,   23.786031502000004    ,                        20777,  0.015385629000000001 ,                        17
rmine11                    , TERMINATION_REASON_OPTIMAL              ,           31960,   29.513619263000002    ,                        31963,  0.009783805000000001 ,                         3
neos-2629914-sudost        , TERMINATION_REASON_OPTIMAL              ,              80,    0.074288452          ,                           81,  0.006828967          ,                         1
ex1010-pi                  , TERMINATION_REASON_OPTIMAL              ,           25000,   10.158246585          ,                        25008,  0.005185344000000001 ,                         8
supportcase37              , TERMINATION_REASON_OPTIMAL              ,           58800,   43.241051942          ,                        59023,  0.0077742440000000005,                       223
satellites3-25             , TERMINATION_REASON_OPTIMAL              ,           52200,  113.579590432          ,                        52238,  0.021150667          ,                        38
rwth-timetable             , TERMINATION_REASON_KKT_MATRIX_PASS_LIMIT,           99759, 3508.3891102000002      ,                       100000,  0.33406225           ,                       241
neos-4391920-timok         , TERMINATION_REASON_OPTIMAL              ,           60040,  182.47039229400002     ,                        60726,  0.026918832          ,                       686
supportcase34              , TERMINATION_REASON_KKT_MATRIX_PASS_LIMIT,           98874,  117.84498239100002     ,                       100000,  0.018744932000000002 ,                      1126
satellites2-25             , TERMINATION_REASON_OPTIMAL              ,           47120,   29.639921455000003    ,                        47147,  0.007801546          ,                        27
neos-4360552-sangro        , TERMINATION_REASON_OPTIMAL              ,            1360,    0.8894575950000001   ,                         1366,  0.008243742          ,                         6
neos-957323                , TERMINATION_REASON_OPTIMAL              ,            5400,    5.895992388          ,                         5445,  0.013733455          ,                        45
neos-5108386-kalang        , TERMINATION_REASON_OPTIMAL              ,           33120,  676.887549647          ,                        33144,  0.155778188          ,                        24
ivu52                      , TERMINATION_REASON_KKT_MATRIX_PASS_LIMIT,           99579,  582.359734217          ,                       100000,  0.07561609700000001  ,                       421
nw04                       , TERMINATION_REASON_OPTIMAL              ,           13120,   24.452902989000002    ,                        13404,  0.020988986          ,                       284
neos-5188808-nattai        , TERMINATION_REASON_OPTIMAL              ,             320,    0.150687913          ,                          321,  0.004663409          ,                         1
s55                        , TERMINATION_REASON_KKT_MATRIX_PASS_LIMIT,           99909,  112.893812335          ,                       100000,  0.011334783000000001 ,                        91
neos-4805882-barwon        , TERMINATION_REASON_KKT_MATRIX_PASS_LIMIT,           99906,   48.32403673           ,                       100000,  0.0057609210000000004,                        94
rocII-5-11                 , TERMINATION_REASON_OPTIMAL              ,            7760,    3.8818671220000005   ,                         7774,  0.007954175          ,                        14
neos-4647030-tutaki        , TERMINATION_REASON_OPTIMAL              ,            3280,   21.153649454          ,                         3385,  0.10646300500000001  ,                       105
zeil                       , TERMINATION_REASON_KKT_MATRIX_PASS_LIMIT,           99940,  370.389344595          ,                       100000,  0.046368842          ,                        60
rmatr200-p10               , TERMINATION_REASON_OPTIMAL              ,           15840,    7.907016114000001    ,                        15981,  0.0054525630000000005,                       141
ds                         , TERMINATION_REASON_OPTIMAL              ,           66680,  142.98539324400002     ,                        66788,  0.029707075000000003 ,                       108
scpm1                      , TERMINATION_REASON_OPTIMAL              ,           75447, 1967.22068618           ,                        75468,  0.28729080500000004  ,                        21
dws012-02                  , TERMINATION_REASON_OPTIMAL              ,             400,    0.303115264          ,                          401,  0.008734786000000001 ,                         1
ns1828997                  , TERMINATION_REASON_OPTIMAL              ,             120,    0.158193965          ,                          121,  0.008929949000000001 ,                         1
academictimetablesmall     , TERMINATION_REASON_OPTIMAL              ,            1880,    1.0908779000000002   ,                         1887,  0.007133955000000001 ,                         7
s100                       , TERMINATION_REASON_KKT_MATRIX_PASS_LIMIT,           98557,  821.209916912          ,                       100000,  0.075218688          ,                      1443
ns2124243                  , TERMINATION_REASON_OPTIMAL              ,            3960,   12.485796683          ,                         3965,  0.023119374          ,                         5
neos-5083528-gimone        , TERMINATION_REASON_OPTIMAL              ,             360,    0.441365135          ,                          365,  0.01121623           ,                         5
neos-1171448               , TERMINATION_REASON_OPTIMAL              ,             360,    0.092210388          ,                          377,  0.0032771980000000003,                        17
square31                   , TERMINATION_REASON_OPTIMAL              ,           31240,  197.446052016          ,                        31880,  0.10456886800000001  ,                       640
neos-4532248-waihi         , TERMINATION_REASON_OPTIMAL              ,            2920,    9.034013958          ,                         2938,  0.024388422          ,                        18
adult-max5features         , TERMINATION_REASON_OPTIMAL              ,           52880,   54.803631165          ,                        52964,  0.012827912          ,                        84
neos-3372571-onahau        , TERMINATION_REASON_OPTIMAL              ,           32520,   10.532602403          ,                        32532,  0.004384088          ,                        12
triptim8                   , TERMINATION_REASON_KKT_MATRIX_PASS_LIMIT,           99609,   87.03514699           ,                       100000,  0.012540809          ,                       391
n3div36                    , TERMINATION_REASON_OPTIMAL              ,            1720,    0.888207536          ,                         1746,  0.008922962000000001 ,                        26
fhnw-binschedule1          , TERMINATION_REASON_KKT_MATRIX_PASS_LIMIT,           99921, 4486.5828347980005      ,                       100000,  0.440775564          ,                        79
square37                   , TERMINATION_REASON_OPTIMAL              ,           74480, 1107.774373473          ,                        75158,  0.24180353300000001  ,                       678
supportcase19              , TERMINATION_REASON_KKT_MATRIX_PASS_LIMIT,           99714, 2570.566948679          ,                       100000,  0.211604803          ,                       286
tpl-tub-ss16               , TERMINATION_REASON_OPTIMAL              ,           61240, 2157.4165235680002      ,                        61492,  0.34820468000000004  ,                       252
tpl-tub-ws1617             , TERMINATION_REASON_KKT_MATRIX_PASS_LIMIT,           99753, 4448.309782275          ,                       100000,  0.45073636600000005  ,                       247
